study,arm,recipe,seed,physical_gpu,checkpoint_step,target,frames,readout,AUROC,primary,source_chosen,scores_sha256,freeze_sha256,calibration_sha256
ZXVAD_C04_MECHANISM_AUDIT_V2_3090_20261009,B0_s17,B0,17,0,5000,ped1,7056,PSNR,0.753659392959234,True,False,ff9971e734b0298ddb5441e9e4d52c83b4359ace6cc363ddf1e8291ff118f907,04a9fe28036e9050bd05e3100002c74d9ee9171a4ebbe4272ae22ebcf0d775ab,4e0618575c357fa19a3ab1e92907fe0a2216090d9c5e0695d7bf3e5f32cd8d0e
ZXVAD_C04_MECHANISM_AUDIT_V2_3090_20261009,B0_s17,B0,17,0,5000,ped1,7056,NC,0.4562011734364683,False,False,ff9971e734b0298ddb5441e9e4d52c83b4359ace6cc363ddf1e8291ff118f907,04a9fe28036e9050bd05e3100002c74d9ee9171a4ebbe4272ae22ebcf0d775ab,4e0618575c357fa19a3ab1e92907fe0a2216090d9c5e0695d7bf3e5f32cd8d0e
ZXVAD_C04_MECHANISM_AUDIT_V2_3090_20261009,B0_s17,B0,17,0,5000,ped1,7056,NC_GAP,0.4834202228984586,False,False,ff9971e734b0298ddb5441e9e4d52c83b4359ace6cc363ddf1e8291ff118f907,04a9fe28036e9050bd05e3100002c74d9ee9171a4ebbe4272ae22ebcf0d775ab,4e0618575c357fa19a3ab1e92907fe0a2216090d9c5e0695d7bf3e5f32cd8d0e
ZXVAD_C04_MECHANISM_AUDIT_V2_3090_20261009,B0_s17,B0,17,0,5000,ped1,7056,LOCAL,0.7214731087544164,False,False,ff9971e734b0298ddb5441e9e4d52c83b4359ace6cc363ddf1e8291ff118f907,04a9fe28036e9050bd05e3100002c74d9ee9171a4ebbe4272ae22ebcf0d775ab,4e0618575c357fa19a3ab1e92907fe0a2216090d9c5e0695d7bf3e5f32cd8d0e
ZXVAD_C04_MECHANISM_AUDIT_V2_3090_20261009,B0_s17,B0,17,0,5000,ped1,7056,FUSION,0.7534603224402611,False,False,ff9971e734b0298ddb5441e9e4d52c83b4359ace6cc363ddf1e8291ff118f907,04a9fe28036e9050bd05e3100002c74d9ee9171a4ebbe4272ae22ebcf0d775ab,4e0618575c357fa19a3ab1e92907fe0a2216090d9c5e0695d7bf3e5f32cd8d0e
ZXVAD_C04_MECHANISM_AUDIT_V2_3090_20261009,B0_s17,B0,17,0,5000,ped1,7056,PSNR_FROZEN,0.7372880510333715,False,False,ff9971e734b0298ddb5441e9e4d52c83b4359ace6cc363ddf1e8291ff118f907,04a9fe28036e9050bd05e3100002c74d9ee9171a4ebbe4272ae22ebcf0d775ab,4e0618575c357fa19a3ab1e92907fe0a2216090d9c5e0695d7bf3e5f32cd8d0e
ZXVAD_C04_MECHANISM_AUDIT_V2_3090_20261009,B0_s17,B0,17,0,5000,ped1,7056,FUSION_FROZEN,0.7358025056876999,False,False,ff9971e734b0298ddb5441e9e4d52c83b4359ace6cc363ddf1e8291ff118f907,04a9fe28036e9050bd05e3100002c74d9ee9171a4ebbe4272ae22ebcf0d775ab,4e0618575c357fa19a3ab1e92907fe0a2216090d9c5e0695d7bf3e5f32cd8d0e
ZXVAD_C04_MECHANISM_AUDIT_V2_3090_20261009,B0_s17,B0,17,0,5000,ped2,1962,PSNR,0.8977023319615912,True,False,2c8dcc040a3055b9dd99d57444bf7d9d133b4441b28f3a423903fa897962e172,04a9fe28036e9050bd05e3100002c74d9ee9171a4ebbe4272ae22ebcf0d775ab,4e0618575c357fa19a3ab1e92907fe0a2216090d9c5e0695d7bf3e5f32cd8d0e
ZXVAD_C04_MECHANISM_AUDIT_V2_3090_20261009,B0_s17,B0,17,0,5000,ped2,1962,NC,0.5522895458811639,False,False,2c8dcc040a3055b9dd99d57444bf7d9d133b4441b28f3a423903fa897962e172,04a9fe28036e9050bd05e3100002c74d9ee9171a4ebbe4272ae22ebcf0d775ab,4e0618575c357fa19a3ab1e92907fe0a2216090d9c5e0695d7bf3e5f32cd8d0e
ZXVAD_C04_MECHANISM_AUDIT_V2_3090_20261009,B0_s17,B0,17,0,5000,ped2,1962,NC_GAP,0.5583901884340481,False,False,2c8dcc040a3055b9dd99d57444bf7d9d133b4441b28f3a423903fa897962e172,04a9fe28036e9050bd05e3100002c74d9ee9171a4ebbe4272ae22ebcf0d775ab,4e0618575c357fa19a3ab1e92907fe0a2216090d9c5e0695d7bf3e5f32cd8d0e
ZXVAD_C04_MECHANISM_AUDIT_V2_3090_20261009,B0_s17,B0,17,0,5000,ped2,1962,LOCAL,0.8886849324958487,False,False,2c8dcc040a3055b9dd99d57444bf7d9d133b4441b28f3a423903fa897962e172,04a9fe28036e9050bd05e3100002c74d9ee9171a4ebbe4272ae22ebcf0d775ab,4e0618575c357fa19a3ab1e92907fe0a2216090d9c5e0695d7bf3e5f32cd8d0e
ZXVAD_C04_MECHANISM_AUDIT_V2_3090_20261009,B0_s17,B0,17,0,5000,ped2,1962,FUSION,0.9039103674824922,False,False,2c8dcc040a3055b9dd99d57444bf7d9d133b4441b28f3a423903fa897962e172,04a9fe28036e9050bd05e3100002c74d9ee9171a4ebbe4272ae22ebcf0d775ab,4e0618575c357fa19a3ab1e92907fe0a2216090d9c5e0695d7bf3e5f32cd8d0e
ZXVAD_C04_MECHANISM_AUDIT_V2_3090_20261009,B0_s17,B0,17,0,5000,ped2,1962,PSNR_FROZEN,0.7736029889538661,False,False,2c8dcc040a3055b9dd99d57444bf7d9d133b4441b28f3a423903fa897962e172,04a9fe28036e9050bd05e3100002c74d9ee9171a4ebbe4272ae22ebcf0d775ab,4e0618575c357fa19a3ab1e92907fe0a2216090d9c5e0695d7bf3e5f32cd8d0e
ZXVAD_C04_MECHANISM_AUDIT_V2_3090_20261009,B0_s17,B0,17,0,5000,ped2,1962,FUSION_FROZEN,0.7471518301927659,False,False,2c8dcc040a3055b9dd99d57444bf7d9d133b4441b28f3a423903fa897962e172,04a9fe28036e9050bd05e3100002c74d9ee9171a4ebbe4272ae22ebcf0d775ab,4e0618575c357fa19a3ab1e92907fe0a2216090d9c5e0695d7bf3e5f32cd8d0e
ZXVAD_C04_MECHANISM_AUDIT_V2_3090_20261009,B0_s17,B0,17,0,5000,avenue,15240,PSNR,0.8425303058691274,True,False,d2164fbb3fb6987d83853546c7b18525a07518cb8522a9717ab8debcadc7ad9a,04a9fe28036e9050bd05e3100002c74d9ee9171a4ebbe4272ae22ebcf0d775ab,4e0618575c357fa19a3ab1e92907fe0a2216090d9c5e0695d7bf3e5f32cd8d0e
ZXVAD_C04_MECHANISM_AUDIT_V2_3090_20261009,B0_s17,B0,17,0,5000,avenue,15240,NC,0.6401666939903509,False,False,d2164fbb3fb6987d83853546c7b18525a07518cb8522a9717ab8debcadc7ad9a,04a9fe28036e9050bd05e3100002c74d9ee9171a4ebbe4272ae22ebcf0d775ab,4e0618575c357fa19a3ab1e92907fe0a2216090d9c5e0695d7bf3e5f32cd8d0e
ZXVAD_C04_MECHANISM_AUDIT_V2_3090_20261009,B0_s17,B0,17,0,5000,avenue,15240,NC_GAP,0.5159428076256499,False,False,d2164fbb3fb6987d83853546c7b18525a07518cb8522a9717ab8debcadc7ad9a,04a9fe28036e9050bd05e3100002c74d9ee9171a4ebbe4272ae22ebcf0d775ab,4e0618575c357fa19a3ab1e92907fe0a2216090d9c5e0695d7bf3e5f32cd8d0e
ZXVAD_C04_MECHANISM_AUDIT_V2_3090_20261009,B0_s17,B0,17,0,5000,avenue,15240,LOCAL,0.8335148250503537,False,False,d2164fbb3fb6987d83853546c7b18525a07518cb8522a9717ab8debcadc7ad9a,04a9fe28036e9050bd05e3100002c74d9ee9171a4ebbe4272ae22ebcf0d775ab,4e0618575c357fa19a3ab1e92907fe0a2216090d9c5e0695d7bf3e5f32cd8d0e
ZXVAD_C04_MECHANISM_AUDIT_V2_3090_20261009,B0_s17,B0,17,0,5000,avenue,15240,FUSION,0.8493065014754789,False,False,d2164fbb3fb6987d83853546c7b18525a07518cb8522a9717ab8debcadc7ad9a,04a9fe28036e9050bd05e3100002c74d9ee9171a4ebbe4272ae22ebcf0d775ab,4e0618575c357fa19a3ab1e92907fe0a2216090d9c5e0695d7bf3e5f32cd8d0e
ZXVAD_C04_MECHANISM_AUDIT_V2_3090_20261009,B0_s17,B0,17,0,5000,avenue,15240,PSNR_FROZEN,0.874541336830765,False,False,d2164fbb3fb6987d83853546c7b18525a07518cb8522a9717ab8debcadc7ad9a,04a9fe28036e9050bd05e3100002c74d9ee9171a4ebbe4272ae22ebcf0d775ab,4e0618575c357fa19a3ab1e92907fe0a2216090d9c5e0695d7bf3e5f32cd8d0e
ZXVAD_C04_MECHANISM_AUDIT_V2_3090_20261009,B0_s17,B0,17,0,5000,avenue,15240,FUSION_FROZEN,0.8878504379596234,False,False,d2164fbb3fb6987d83853546c7b18525a07518cb8522a9717ab8debcadc7ad9a,04a9fe28036e9050bd05e3100002c74d9ee9171a4ebbe4272ae22ebcf0d775ab,4e0618575c357fa19a3ab1e92907fe0a2216090d9c5e0695d7bf3e5f32cd8d0e
ZXVAD_C04_MECHANISM_AUDIT_V2_3090_20261009,NC_Y_s17,NC_Y,17,0,5000,ped1,7056,PSNR,0.7479891546642983,True,False,79edf2f4bc55694d9da50ee8ceecb664aad8e203ddfdb79b3916df991dd61f39,04a9fe28036e9050bd05e3100002c74d9ee9171a4ebbe4272ae22ebcf0d775ab,2034ace0eab1d258731f8feff438c3da2891fe80766dc861cb2109711d63035f
ZXVAD_C04_MECHANISM_AUDIT_V2_3090_20261009,NC_Y_s17,NC_Y,17,0,5000,ped1,7056,NC,0.5088638724875628,False,False,79edf2f4bc55694d9da50ee8ceecb664aad8e203ddfdb79b3916df991dd61f39,04a9fe28036e9050bd05e3100002c74d9ee9171a4ebbe4272ae22ebcf0d775ab,2034ace0eab1d258731f8feff438c3da2891fe80766dc861cb2109711d63035f
ZXVAD_C04_MECHANISM_AUDIT_V2_3090_20261009,NC_Y_s17,NC_Y,17,0,5000,ped1,7056,NC_GAP,0.5356252805818813,False,False,79edf2f4bc55694d9da50ee8ceecb664aad8e203ddfdb79b3916df991dd61f39,04a9fe28036e9050bd05e3100002c74d9ee9171a4ebbe4272ae22ebcf0d775ab,2034ace0eab1d258731f8feff438c3da2891fe80766dc861cb2109711d63035f
ZXVAD_C04_MECHANISM_AUDIT_V2_3090_20261009,NC_Y_s17,NC_Y,17,0,5000,ped1,7056,LOCAL,0.7207775887489334,False,False,79edf2f4bc55694d9da50ee8ceecb664aad8e203ddfdb79b3916df991dd61f39,04a9fe28036e9050bd05e3100002c74d9ee9171a4ebbe4272ae22ebcf0d775ab,2034ace0eab1d258731f8feff438c3da2891fe80766dc861cb2109711d63035f
ZXVAD_C04_MECHANISM_AUDIT_V2_3090_20261009,NC_Y_s17,NC_Y,17,0,5000,ped1,7056,FUSION,0.7517248348160434,False,False,79edf2f4bc55694d9da50ee8ceecb664aad8e203ddfdb79b3916df991dd61f39,04a9fe28036e9050bd05e3100002c74d9ee9171a4ebbe4272ae22ebcf0d775ab,2034ace0eab1d258731f8feff438c3da2891fe80766dc861cb2109711d63035f
ZXVAD_C04_MECHANISM_AUDIT_V2_3090_20261009,NC_Y_s17,NC_Y,17,0,5000,ped1,7056,PSNR_FROZEN,0.727350473626714,False,False,79edf2f4bc55694d9da50ee8ceecb664aad8e203ddfdb79b3916df991dd61f39,04a9fe28036e9050bd05e3100002c74d9ee9171a4ebbe4272ae22ebcf0d775ab,2034ace0eab1d258731f8feff438c3da2891fe80766dc861cb2109711d63035f
ZXVAD_C04_MECHANISM_AUDIT_V2_3090_20261009,NC_Y_s17,NC_Y,17,0,5000,ped1,7056,FUSION_FROZEN,0.7239775205709611,False,False,79edf2f4bc55694d9da50ee8ceecb664aad8e203ddfdb79b3916df991dd61f39,04a9fe28036e9050bd05e3100002c74d9ee9171a4ebbe4272ae22ebcf0d775ab,2034ace0eab1d258731f8feff438c3da2891fe80766dc861cb2109711d63035f
ZXVAD_C04_MECHANISM_AUDIT_V2_3090_20261009,NC_Y_s17,NC_Y,17,0,5000,ped2,1962,PSNR,0.8707187206699877,True,False,3d06a46c1cd04598c49df5f266af825b74a0c1894046d1a1551f1f097330b6ac,04a9fe28036e9050bd05e3100002c74d9ee9171a4ebbe4272ae22ebcf0d775ab,2034ace0eab1d258731f8feff438c3da2891fe80766dc861cb2109711d63035f
ZXVAD_C04_MECHANISM_AUDIT_V2_3090_20261009,NC_Y_s17,NC_Y,17,0,5000,ped2,1962,NC,0.586463973720309,False,False,3d06a46c1cd04598c49df5f266af825b74a0c1894046d1a1551f1f097330b6ac,04a9fe28036e9050bd05e3100002c74d9ee9171a4ebbe4272ae22ebcf0d775ab,2034ace0eab1d258731f8feff438c3da2891fe80766dc861cb2109711d63035f
ZXVAD_C04_MECHANISM_AUDIT_V2_3090_20261009,NC_Y_s17,NC_Y,17,0,5000,ped2,1962,NC_GAP,0.5007905566385099,False,False,3d06a46c1cd04598c49df5f266af825b74a0c1894046d1a1551f1f097330b6ac,04a9fe28036e9050bd05e3100002c74d9ee9171a4ebbe4272ae22ebcf0d775ab,2034ace0eab1d258731f8feff438c3da2891fe80766dc861cb2109711d63035f
ZXVAD_C04_MECHANISM_AUDIT_V2_3090_20261009,NC_Y_s17,NC_Y,17,0,5000,ped2,1962,LOCAL,0.8538273409862104,False,False,3d06a46c1cd04598c49df5f266af825b74a0c1894046d1a1551f1f097330b6ac,04a9fe28036e9050bd05e3100002c74d9ee9171a4ebbe4272ae22ebcf0d775ab,2034ace0eab1d258731f8feff438c3da2891fe80766dc861cb2109711d63035f
ZXVAD_C04_MECHANISM_AUDIT_V2_3090_20261009,NC_Y_s17,NC_Y,17,0,5000,ped2,1962,FUSION,0.8785945058118547,False,False,3d06a46c1cd04598c49df5f266af825b74a0c1894046d1a1551f1f097330b6ac,04a9fe28036e9050bd05e3100002c74d9ee9171a4ebbe4272ae22ebcf0d775ab,2034ace0eab1d258731f8feff438c3da2891fe80766dc861cb2109711d63035f
ZXVAD_C04_MECHANISM_AUDIT_V2_3090_20261009,NC_Y_s17,NC_Y,17,0,5000,ped2,1962,PSNR_FROZEN,0.7352492599812288,False,False,3d06a46c1cd04598c49df5f266af825b74a0c1894046d1a1551f1f097330b6ac,04a9fe28036e9050bd05e3100002c74d9ee9171a4ebbe4272ae22ebcf0d775ab,2034ace0eab1d258731f8feff438c3da2891fe80766dc861cb2109711d63035f
ZXVAD_C04_MECHANISM_AUDIT_V2_3090_20261009,NC_Y_s17,NC_Y,17,0,5000,ped2,1962,FUSION_FROZEN,0.7151397011046133,False,False,3d06a46c1cd04598c49df5f266af825b74a0c1894046d1a1551f1f097330b6ac,04a9fe28036e9050bd05e3100002c74d9ee9171a4ebbe4272ae22ebcf0d775ab,2034ace0eab1d258731f8feff438c3da2891fe80766dc861cb2109711d63035f
ZXVAD_C04_MECHANISM_AUDIT_V2_3090_20261009,NC_Y_s17,NC_Y,17,0,5000,avenue,15240,PSNR,0.845459248676753,True,False,15e5aacd6b89500e1cb6b965297435ef06fe981486d82573a7d12e99f6798ad6,04a9fe28036e9050bd05e3100002c74d9ee9171a4ebbe4272ae22ebcf0d775ab,2034ace0eab1d258731f8feff438c3da2891fe80766dc861cb2109711d63035f
ZXVAD_C04_MECHANISM_AUDIT_V2_3090_20261009,NC_Y_s17,NC_Y,17,0,5000,avenue,15240,NC,0.7266731462831982,False,False,15e5aacd6b89500e1cb6b965297435ef06fe981486d82573a7d12e99f6798ad6,04a9fe28036e9050bd05e3100002c74d9ee9171a4ebbe4272ae22ebcf0d775ab,2034ace0eab1d258731f8feff438c3da2891fe80766dc861cb2109711d63035f
ZXVAD_C04_MECHANISM_AUDIT_V2_3090_20261009,NC_Y_s17,NC_Y,17,0,5000,avenue,15240,NC_GAP,0.6518396177806923,False,False,15e5aacd6b89500e1cb6b965297435ef06fe981486d82573a7d12e99f6798ad6,04a9fe28036e9050bd05e3100002c74d9ee9171a4ebbe4272ae22ebcf0d775ab,2034ace0eab1d258731f8feff438c3da2891fe80766dc861cb2109711d63035f
ZXVAD_C04_MECHANISM_AUDIT_V2_3090_20261009,NC_Y_s17,NC_Y,17,0,5000,avenue,15240,LOCAL,0.8335325307976954,False,False,15e5aacd6b89500e1cb6b965297435ef06fe981486d82573a7d12e99f6798ad6,04a9fe28036e9050bd05e3100002c74d9ee9171a4ebbe4272ae22ebcf0d775ab,2034ace0eab1d258731f8feff438c3da2891fe80766dc861cb2109711d63035f
ZXVAD_C04_MECHANISM_AUDIT_V2_3090_20261009,NC_Y_s17,NC_Y,17,0,5000,avenue,15240,FUSION,0.8528735772167315,False,False,15e5aacd6b89500e1cb6b965297435ef06fe981486d82573a7d12e99f6798ad6,04a9fe28036e9050bd05e3100002c74d9ee9171a4ebbe4272ae22ebcf0d775ab,2034ace0eab1d258731f8feff438c3da2891fe80766dc861cb2109711d63035f
ZXVAD_C04_MECHANISM_AUDIT_V2_3090_20261009,NC_Y_s17,NC_Y,17,0,5000,avenue,15240,PSNR_FROZEN,0.8432345660218277,False,False,15e5aacd6b89500e1cb6b965297435ef06fe981486d82573a7d12e99f6798ad6,04a9fe28036e9050bd05e3100002c74d9ee9171a4ebbe4272ae22ebcf0d775ab,2034ace0eab1d258731f8feff438c3da2891fe80766dc861cb2109711d63035f
ZXVAD_C04_MECHANISM_AUDIT_V2_3090_20261009,NC_Y_s17,NC_Y,17,0,5000,avenue,15240,FUSION_FROZEN,0.8678888004121973,False,False,15e5aacd6b89500e1cb6b965297435ef06fe981486d82573a7d12e99f6798ad6,04a9fe28036e9050bd05e3100002c74d9ee9171a4ebbe4272ae22ebcf0d775ab,2034ace0eab1d258731f8feff438c3da2891fe80766dc861cb2109711d63035f
ZXVAD_C04_MECHANISM_AUDIT_V2_3090_20261009,NC_X_s17,NC_X,17,0,5000,ped1,7056,PSNR,0.7476065123376694,True,False,2a61d0bb9f879b6f45b682483ad01fd163512a6b67717b8d06f48edd65ea5d6a,04a9fe28036e9050bd05e3100002c74d9ee9171a4ebbe4272ae22ebcf0d775ab,32e27867b5739166e4fde1a2f47e701aaba5d4598b959f2517b8884a8120db09
ZXVAD_C04_MECHANISM_AUDIT_V2_3090_20261009,NC_X_s17,NC_X,17,0,5000,ped1,7056,NC,0.5594764069128996,False,False,2a61d0bb9f879b6f45b682483ad01fd163512a6b67717b8d06f48edd65ea5d6a,04a9fe28036e9050bd05e3100002c74d9ee9171a4ebbe4272ae22ebcf0d775ab,32e27867b5739166e4fde1a2f47e701aaba5d4598b959f2517b8884a8120db09
ZXVAD_C04_MECHANISM_AUDIT_V2_3090_20261009,NC_X_s17,NC_X,17,0,5000,ped1,7056,NC_GAP,0.5303264388467879,False,False,2a61d0bb9f879b6f45b682483ad01fd163512a6b67717b8d06f48edd65ea5d6a,04a9fe28036e9050bd05e3100002c74d9ee9171a4ebbe4272ae22ebcf0d775ab,32e27867b5739166e4fde1a2f47e701aaba5d4598b959f2517b8884a8120db09
ZXVAD_C04_MECHANISM_AUDIT_V2_3090_20261009,NC_X_s17,NC_X,17,0,5000,ped1,7056,LOCAL,0.7205528778816869,False,False,2a61d0bb9f879b6f45b682483ad01fd163512a6b67717b8d06f48edd65ea5d6a,04a9fe28036e9050bd05e3100002c74d9ee9171a4ebbe4272ae22ebcf0d775ab,32e27867b5739166e4fde1a2f47e701aaba5d4598b959f2517b8884a8120db09
ZXVAD_C04_MECHANISM_AUDIT_V2_3090_20261009,NC_X_s17,NC_X,17,0,5000,ped1,7056,FUSION,0.7514498655946847,False,False,2a61d0bb9f879b6f45b682483ad01fd163512a6b67717b8d06f48edd65ea5d6a,04a9fe28036e9050bd05e3100002c74d9ee9171a4ebbe4272ae22ebcf0d775ab,32e27867b5739166e4fde1a2f47e701aaba5d4598b959f2517b8884a8120db09
ZXVAD_C04_MECHANISM_AUDIT_V2_3090_20261009,NC_X_s17,NC_X,17,0,5000,ped1,7056,PSNR_FROZEN,0.7268194689658957,False,False,2a61d0bb9f879b6f45b682483ad01fd163512a6b67717b8d06f48edd65ea5d6a,04a9fe28036e9050bd05e3100002c74d9ee9171a4ebbe4272ae22ebcf0d775ab,32e27867b5739166e4fde1a2f47e701aaba5d4598b959f2517b8884a8120db09
ZXVAD_C04_MECHANISM_AUDIT_V2_3090_20261009,NC_X_s17,NC_X,17,0,5000,ped1,7056,FUSION_FROZEN,0.7250413292152835,False,False,2a61d0bb9f879b6f45b682483ad01fd163512a6b67717b8d06f48edd65ea5d6a,04a9fe28036e9050bd05e3100002c74d9ee9171a4ebbe4272ae22ebcf0d775ab,32e27867b5739166e4fde1a2f47e701aaba5d4598b959f2517b8884a8120db09
ZXVAD_C04_MECHANISM_AUDIT_V2_3090_20261009,NC_X_s17,NC_X,17,0,5000,ped2,1962,PSNR,0.8725687675980074,True,False,c8442a0550962b8e389e391279cb571c3f8ec0f612e15a1aae3ff6abc1030d9c,04a9fe28036e9050bd05e3100002c74d9ee9171a4ebbe4272ae22ebcf0d775ab,32e27867b5739166e4fde1a2f47e701aaba5d4598b959f2517b8884a8120db09
ZXVAD_C04_MECHANISM_AUDIT_V2_3090_20261009,NC_X_s17,NC_X,17,0,5000,ped2,1962,NC,0.6572955021298101,False,False,c8442a0550962b8e389e391279cb571c3f8ec0f612e15a1aae3ff6abc1030d9c,04a9fe28036e9050bd05e3100002c74d9ee9171a4ebbe4272ae22ebcf0d775ab,32e27867b5739166e4fde1a2f47e701aaba5d4598b959f2517b8884a8120db09
ZXVAD_C04_MECHANISM_AUDIT_V2_3090_20261009,NC_X_s17,NC_X,17,0,5000,ped2,1962,NC_GAP,0.5169626741751498,False,False,c8442a0550962b8e389e391279cb571c3f8ec0f612e15a1aae3ff6abc1030d9c,04a9fe28036e9050bd05e3100002c74d9ee9171a4ebbe4272ae22ebcf0d775ab,32e27867b5739166e4fde1a2f47e701aaba5d4598b959f2517b8884a8120db09
ZXVAD_C04_MECHANISM_AUDIT_V2_3090_20261009,NC_X_s17,NC_X,17,0,5000,ped2,1962,LOCAL,0.8555384087791496,False,False,c8442a0550962b8e389e391279cb571c3f8ec0f612e15a1aae3ff6abc1030d9c,04a9fe28036e9050bd05e3100002c74d9ee9171a4ebbe4272ae22ebcf0d775ab,32e27867b5739166e4fde1a2f47e701aaba5d4598b959f2517b8884a8120db09
ZXVAD_C04_MECHANISM_AUDIT_V2_3090_20261009,NC_X_s17,NC_X,17,0,5000,ped2,1962,FUSION,0.8760883690708252,False,False,c8442a0550962b8e389e391279cb571c3f8ec0f612e15a1aae3ff6abc1030d9c,04a9fe28036e9050bd05e3100002c74d9ee9171a4ebbe4272ae22ebcf0d775ab,32e27867b5739166e4fde1a2f47e701aaba5d4598b959f2517b8884a8120db09
ZXVAD_C04_MECHANISM_AUDIT_V2_3090_20261009,NC_X_s17,NC_X,17,0,5000,ped2,1962,PSNR_FROZEN,0.721454227131615,False,False,c8442a0550962b8e389e391279cb571c3f8ec0f612e15a1aae3ff6abc1030d9c,04a9fe28036e9050bd05e3100002c74d9ee9171a4ebbe4272ae22ebcf0d775ab,32e27867b5739166e4fde1a2f47e701aaba5d4598b959f2517b8884a8120db09
ZXVAD_C04_MECHANISM_AUDIT_V2_3090_20261009,NC_X_s17,NC_X,17,0,5000,ped2,1962,FUSION_FROZEN,0.7035376507111399,False,False,c8442a0550962b8e389e391279cb571c3f8ec0f612e15a1aae3ff6abc1030d9c,04a9fe28036e9050bd05e3100002c74d9ee9171a4ebbe4272ae22ebcf0d775ab,32e27867b5739166e4fde1a2f47e701aaba5d4598b959f2517b8884a8120db09
ZXVAD_C04_MECHANISM_AUDIT_V2_3090_20261009,NC_X_s17,NC_X,17,0,5000,avenue,15240,PSNR,0.8443452152325636,True,False,1dfc94b2076f895c8893a87749b8d8c8cf120fe7bbab45836af7d57c7b51e042,04a9fe28036e9050bd05e3100002c74d9ee9171a4ebbe4272ae22ebcf0d775ab,32e27867b5739166e4fde1a2f47e701aaba5d4598b959f2517b8884a8120db09
ZXVAD_C04_MECHANISM_AUDIT_V2_3090_20261009,NC_X_s17,NC_X,17,0,5000,avenue,15240,NC,0.6812084406763783,False,False,1dfc94b2076f895c8893a87749b8d8c8cf120fe7bbab45836af7d57c7b51e042,04a9fe28036e9050bd05e3100002c74d9ee9171a4ebbe4272ae22ebcf0d775ab,32e27867b5739166e4fde1a2f47e701aaba5d4598b959f2517b8884a8120db09
ZXVAD_C04_MECHANISM_AUDIT_V2_3090_20261009,NC_X_s17,NC_X,17,0,5000,avenue,15240,NC_GAP,0.6220074125251768,False,False,1dfc94b2076f895c8893a87749b8d8c8cf120fe7bbab45836af7d57c7b51e042,04a9fe28036e9050bd05e3100002c74d9ee9171a4ebbe4272ae22ebcf0d775ab,32e27867b5739166e4fde1a2f47e701aaba5d4598b959f2517b8884a8120db09
ZXVAD_C04_MECHANISM_AUDIT_V2_3090_20261009,NC_X_s17,NC_X,17,0,5000,avenue,15240,LOCAL,0.8360012881165394,False,False,1dfc94b2076f895c8893a87749b8d8c8cf120fe7bbab45836af7d57c7b51e042,04a9fe28036e9050bd05e3100002c74d9ee9171a4ebbe4272ae22ebcf0d775ab,32e27867b5739166e4fde1a2f47e701aaba5d4598b959f2517b8884a8120db09
ZXVAD_C04_MECHANISM_AUDIT_V2_3090_20261009,NC_X_s17,NC_X,17,0,5000,avenue,15240,FUSION,0.8555580823457773,False,False,1dfc94b2076f895c8893a87749b8d8c8cf120fe7bbab45836af7d57c7b51e042,04a9fe28036e9050bd05e3100002c74d9ee9171a4ebbe4272ae22ebcf0d775ab,32e27867b5739166e4fde1a2f47e701aaba5d4598b959f2517b8884a8120db09
ZXVAD_C04_MECHANISM_AUDIT_V2_3090_20261009,NC_X_s17,NC_X,17,0,5000,avenue,15240,PSNR_FROZEN,0.8486097826596094,False,False,1dfc94b2076f895c8893a87749b8d8c8cf120fe7bbab45836af7d57c7b51e042,04a9fe28036e9050bd05e3100002c74d9ee9171a4ebbe4272ae22ebcf0d775ab,32e27867b5739166e4fde1a2f47e701aaba5d4598b959f2517b8884a8120db09
ZXVAD_C04_MECHANISM_AUDIT_V2_3090_20261009,NC_X_s17,NC_X,17,0,5000,avenue,15240,FUSION_FROZEN,0.8574989460864677,False,False,1dfc94b2076f895c8893a87749b8d8c8cf120fe7bbab45836af7d57c7b51e042,04a9fe28036e9050bd05e3100002c74d9ee9171a4ebbe4272ae22ebcf0d775ab,32e27867b5739166e4fde1a2f47e701aaba5d4598b959f2517b8884a8120db09
ZXVAD_C04_MECHANISM_AUDIT_V2_3090_20261009,NC_ORIGIN_s17,NC_ORIGIN,17,0,5000,ped1,7056,PSNR,0.7553656824835037,True,False,88f44849a44232069f33cfea922da0690bc3ade71b5dcc5a7f0ca6da2d363ca4,04a9fe28036e9050bd05e3100002c74d9ee9171a4ebbe4272ae22ebcf0d775ab,9490e69d34c83a6a8e402c09e527e051c4b122ddb9d731d1fe7a21b929bfa8a2
ZXVAD_C04_MECHANISM_AUDIT_V2_3090_20261009,NC_ORIGIN_s17,NC_ORIGIN,17,0,5000,ped1,7056,NC,0.4616577830561545,False,False,88f44849a44232069f33cfea922da0690bc3ade71b5dcc5a7f0ca6da2d363ca4,04a9fe28036e9050bd05e3100002c74d9ee9171a4ebbe4272ae22ebcf0d775ab,9490e69d34c83a6a8e402c09e527e051c4b122ddb9d731d1fe7a21b929bfa8a2
ZXVAD_C04_MECHANISM_AUDIT_V2_3090_20261009,NC_ORIGIN_s17,NC_ORIGIN,17,0,5000,ped1,7056,NC_GAP,0.44314999080300743,False,False,88f44849a44232069f33cfea922da0690bc3ade71b5dcc5a7f0ca6da2d363ca4,04a9fe28036e9050bd05e3100002c74d9ee9171a4ebbe4272ae22ebcf0d775ab,9490e69d34c83a6a8e402c09e527e051c4b122ddb9d731d1fe7a21b929bfa8a2
ZXVAD_C04_MECHANISM_AUDIT_V2_3090_20261009,NC_ORIGIN_s17,NC_ORIGIN,17,0,5000,ped1,7056,LOCAL,0.7234365378479757,False,False,88f44849a44232069f33cfea922da0690bc3ade71b5dcc5a7f0ca6da2d363ca4,04a9fe28036e9050bd05e3100002c74d9ee9171a4ebbe4272ae22ebcf0d775ab,9490e69d34c83a6a8e402c09e527e051c4b122ddb9d731d1fe7a21b929bfa8a2
ZXVAD_C04_MECHANISM_AUDIT_V2_3090_20261009,NC_ORIGIN_s17,NC_ORIGIN,17,0,5000,ped1,7056,FUSION,0.756517903301618,False,False,88f44849a44232069f33cfea922da0690bc3ade71b5dcc5a7f0ca6da2d363ca4,04a9fe28036e9050bd05e3100002c74d9ee9171a4ebbe4272ae22ebcf0d775ab,9490e69d34c83a6a8e402c09e527e051c4b122ddb9d731d1fe7a21b929bfa8a2
ZXVAD_C04_MECHANISM_AUDIT_V2_3090_20261009,NC_ORIGIN_s17,NC_ORIGIN,17,0,5000,ped1,7056,PSNR_FROZEN,0.7369350566373619,False,False,88f44849a44232069f33cfea922da0690bc3ade71b5dcc5a7f0ca6da2d363ca4,04a9fe28036e9050bd05e3100002c74d9ee9171a4ebbe4272ae22ebcf0d775ab,9490e69d34c83a6a8e402c09e527e051c4b122ddb9d731d1fe7a21b929bfa8a2
ZXVAD_C04_MECHANISM_AUDIT_V2_3090_20261009,NC_ORIGIN_s17,NC_ORIGIN,17,0,5000,ped1,7056,FUSION_FROZEN,0.7389684957408805,False,False,88f44849a44232069f33cfea922da0690bc3ade71b5dcc5a7f0ca6da2d363ca4,04a9fe28036e9050bd05e3100002c74d9ee9171a4ebbe4272ae22ebcf0d775ab,9490e69d34c83a6a8e402c09e527e051c4b122ddb9d731d1fe7a21b929bfa8a2
ZXVAD_C04_MECHANISM_AUDIT_V2_3090_20261009,NC_ORIGIN_s17,NC_ORIGIN,17,0,5000,ped2,1962,PSNR,0.8941836329506895,True,False,28c73e90f1ba955bd86388e16abef7a3b0922d45dd07f42c73695d2952d6841d,04a9fe28036e9050bd05e3100002c74d9ee9171a4ebbe4272ae22ebcf0d775ab,9490e69d34c83a6a8e402c09e527e051c4b122ddb9d731d1fe7a21b929bfa8a2
ZXVAD_C04_MECHANISM_AUDIT_V2_3090_20261009,NC_ORIGIN_s17,NC_ORIGIN,17,0,5000,ped2,1962,NC,0.4960571438885279,False,False,28c73e90f1ba955bd86388e16abef7a3b0922d45dd07f42c73695d2952d6841d,04a9fe28036e9050bd05e3100002c74d9ee9171a4ebbe4272ae22ebcf0d775ab,9490e69d34c83a6a8e402c09e527e051c4b122ddb9d731d1fe7a21b929bfa8a2
ZXVAD_C04_MECHANISM_AUDIT_V2_3090_20261009,NC_ORIGIN_s17,NC_ORIGIN,17,0,5000,ped2,1962,NC_GAP,0.4854135080499603,False,False,28c73e90f1ba955bd86388e16abef7a3b0922d45dd07f42c73695d2952d6841d,04a9fe28036e9050bd05e3100002c74d9ee9171a4ebbe4272ae22ebcf0d775ab,9490e69d34c83a6a8e402c09e527e051c4b122ddb9d731d1fe7a21b929bfa8a2
ZXVAD_C04_MECHANISM_AUDIT_V2_3090_20261009,NC_ORIGIN_s17,NC_ORIGIN,17,0,5000,ped2,1962,LOCAL,0.8824236517218973,False,False,28c73e90f1ba955bd86388e16abef7a3b0922d45dd07f42c73695d2952d6841d,04a9fe28036e9050bd05e3100002c74d9ee9171a4ebbe4272ae22ebcf0d775ab,9490e69d34c83a6a8e402c09e527e051c4b122ddb9d731d1fe7a21b929bfa8a2
ZXVAD_C04_MECHANISM_AUDIT_V2_3090_20261009,NC_ORIGIN_s17,NC_ORIGIN,17,0,5000,ped2,1962,FUSION,0.8968224315933867,False,False,28c73e90f1ba955bd86388e16abef7a3b0922d45dd07f42c73695d2952d6841d,04a9fe28036e9050bd05e3100002c74d9ee9171a4ebbe4272ae22ebcf0d775ab,9490e69d34c83a6a8e402c09e527e051c4b122ddb9d731d1fe7a21b929bfa8a2
ZXVAD_C04_MECHANISM_AUDIT_V2_3090_20261009,NC_ORIGIN_s17,NC_ORIGIN,17,0,5000,ped2,1962,PSNR_FROZEN,0.7923453180275792,False,False,28c73e90f1ba955bd86388e16abef7a3b0922d45dd07f42c73695d2952d6841d,04a9fe28036e9050bd05e3100002c74d9ee9171a4ebbe4272ae22ebcf0d775ab,9490e69d34c83a6a8e402c09e527e051c4b122ddb9d731d1fe7a21b929bfa8a2
ZXVAD_C04_MECHANISM_AUDIT_V2_3090_20261009,NC_ORIGIN_s17,NC_ORIGIN,17,0,5000,ped2,1962,FUSION_FROZEN,0.7984622048949535,False,False,28c73e90f1ba955bd86388e16abef7a3b0922d45dd07f42c73695d2952d6841d,04a9fe28036e9050bd05e3100002c74d9ee9171a4ebbe4272ae22ebcf0d775ab,9490e69d34c83a6a8e402c09e527e051c4b122ddb9d731d1fe7a21b929bfa8a2
ZXVAD_C04_MECHANISM_AUDIT_V2_3090_20261009,NC_ORIGIN_s17,NC_ORIGIN,17,0,5000,avenue,15240,PSNR,0.8442833153777695,True,False,de732b6087412e4fe9c862770e03ca0a3a87a0322c134f16faa21838fdd448e9,04a9fe28036e9050bd05e3100002c74d9ee9171a4ebbe4272ae22ebcf0d775ab,9490e69d34c83a6a8e402c09e527e051c4b122ddb9d731d1fe7a21b929bfa8a2
ZXVAD_C04_MECHANISM_AUDIT_V2_3090_20261009,NC_ORIGIN_s17,NC_ORIGIN,17,0,5000,avenue,15240,NC,0.44647220010304933,False,False,de732b6087412e4fe9c862770e03ca0a3a87a0322c134f16faa21838fdd448e9,04a9fe28036e9050bd05e3100002c74d9ee9171a4ebbe4272ae22ebcf0d775ab,9490e69d34c83a6a8e402c09e527e051c4b122ddb9d731d1fe7a21b929bfa8a2
ZXVAD_C04_MECHANISM_AUDIT_V2_3090_20261009,NC_ORIGIN_s17,NC_ORIGIN,17,0,5000,avenue,15240,NC_GAP,0.5455111949037426,False,False,de732b6087412e4fe9c862770e03ca0a3a87a0322c134f16faa21838fdd448e9,04a9fe28036e9050bd05e3100002c74d9ee9171a4ebbe4272ae22ebcf0d775ab,9490e69d34c83a6a8e402c09e527e051c4b122ddb9d731d1fe7a21b929bfa8a2
ZXVAD_C04_MECHANISM_AUDIT_V2_3090_20261009,NC_ORIGIN_s17,NC_ORIGIN,17,0,5000,avenue,15240,LOCAL,0.8340859525036302,False,False,de732b6087412e4fe9c862770e03ca0a3a87a0322c134f16faa21838fdd448e9,04a9fe28036e9050bd05e3100002c74d9ee9171a4ebbe4272ae22ebcf0d775ab,9490e69d34c83a6a8e402c09e527e051c4b122ddb9d731d1fe7a21b929bfa8a2
ZXVAD_C04_MECHANISM_AUDIT_V2_3090_20261009,NC_ORIGIN_s17,NC_ORIGIN,17,0,5000,avenue,15240,FUSION,0.841056958171343,False,False,de732b6087412e4fe9c862770e03ca0a3a87a0322c134f16faa21838fdd448e9,04a9fe28036e9050bd05e3100002c74d9ee9171a4ebbe4272ae22ebcf0d775ab,9490e69d34c83a6a8e402c09e527e051c4b122ddb9d731d1fe7a21b929bfa8a2
ZXVAD_C04_MECHANISM_AUDIT_V2_3090_20261009,NC_ORIGIN_s17,NC_ORIGIN,17,0,5000,avenue,15240,PSNR_FROZEN,0.838522061923275,False,False,de732b6087412e4fe9c862770e03ca0a3a87a0322c134f16faa21838fdd448e9,04a9fe28036e9050bd05e3100002c74d9ee9171a4ebbe4272ae22ebcf0d775ab,9490e69d34c83a6a8e402c09e527e051c4b122ddb9d731d1fe7a21b929bfa8a2
ZXVAD_C04_MECHANISM_AUDIT_V2_3090_20261009,NC_ORIGIN_s17,NC_ORIGIN,17,0,5000,avenue,15240,FUSION_FROZEN,0.8185838446765656,False,False,de732b6087412e4fe9c862770e03ca0a3a87a0322c134f16faa21838fdd448e9,04a9fe28036e9050bd05e3100002c74d9ee9171a4ebbe4272ae22ebcf0d775ab,9490e69d34c83a6a8e402c09e527e051c4b122ddb9d731d1fe7a21b929bfa8a2
ZXVAD_C04_MECHANISM_AUDIT_V2_3090_20261009,CF_PHOTO_A10_P25_s17,CF_PHOTO_A10_P25,17,0,5000,ped1,7056,PSNR,0.754741399298902,True,False,d03553eb36f4400ce55caea6f5addac8a08788a212d22230fb216d1b25acbb25,04a9fe28036e9050bd05e3100002c74d9ee9171a4ebbe4272ae22ebcf0d775ab,9c39ba56975ba26f4f0f88401faa31fe5eb2657ea712867b8d2bba83587c9075
ZXVAD_C04_MECHANISM_AUDIT_V2_3090_20261009,CF_PHOTO_A10_P25_s17,CF_PHOTO_A10_P25,17,0,5000,ped1,7056,NC,0.4328201610508306,False,False,d03553eb36f4400ce55caea6f5addac8a08788a212d22230fb216d1b25acbb25,04a9fe28036e9050bd05e3100002c74d9ee9171a4ebbe4272ae22ebcf0d775ab,9c39ba56975ba26f4f0f88401faa31fe5eb2657ea712867b8d2bba83587c9075
ZXVAD_C04_MECHANISM_AUDIT_V2_3090_20261009,CF_PHOTO_A10_P25_s17,CF_PHOTO_A10_P25,17,0,5000,ped1,7056,NC_GAP,0.5247728293768544,False,False,d03553eb36f4400ce55caea6f5addac8a08788a212d22230fb216d1b25acbb25,04a9fe28036e9050bd05e3100002c74d9ee9171a4ebbe4272ae22ebcf0d775ab,9c39ba56975ba26f4f0f88401faa31fe5eb2657ea712867b8d2bba83587c9075
ZXVAD_C04_MECHANISM_AUDIT_V2_3090_20261009,CF_PHOTO_A10_P25_s17,CF_PHOTO_A10_P25,17,0,5000,ped1,7056,LOCAL,0.721000295825007,False,False,d03553eb36f4400ce55caea6f5addac8a08788a212d22230fb216d1b25acbb25,04a9fe28036e9050bd05e3100002c74d9ee9171a4ebbe4272ae22ebcf0d775ab,9c39ba56975ba26f4f0f88401faa31fe5eb2657ea712867b8d2bba83587c9075
ZXVAD_C04_MECHANISM_AUDIT_V2_3090_20261009,CF_PHOTO_A10_P25_s17,CF_PHOTO_A10_P25,17,0,5000,ped1,7056,FUSION,0.7538166701194579,False,False,d03553eb36f4400ce55caea6f5addac8a08788a212d22230fb216d1b25acbb25,04a9fe28036e9050bd05e3100002c74d9ee9171a4ebbe4272ae22ebcf0d775ab,9c39ba56975ba26f4f0f88401faa31fe5eb2657ea712867b8d2bba83587c9075
ZXVAD_C04_MECHANISM_AUDIT_V2_3090_20261009,CF_PHOTO_A10_P25_s17,CF_PHOTO_A10_P25,17,0,5000,ped1,7056,PSNR_FROZEN,0.7365235433603643,False,False,d03553eb36f4400ce55caea6f5addac8a08788a212d22230fb216d1b25acbb25,04a9fe28036e9050bd05e3100002c74d9ee9171a4ebbe4272ae22ebcf0d775ab,9c39ba56975ba26f4f0f88401faa31fe5eb2657ea712867b8d2bba83587c9075
ZXVAD_C04_MECHANISM_AUDIT_V2_3090_20261009,CF_PHOTO_A10_P25_s17,CF_PHOTO_A10_P25,17,0,5000,ped1,7056,FUSION_FROZEN,0.7361521468005221,False,False,d03553eb36f4400ce55caea6f5addac8a08788a212d22230fb216d1b25acbb25,04a9fe28036e9050bd05e3100002c74d9ee9171a4ebbe4272ae22ebcf0d775ab,9c39ba56975ba26f4f0f88401faa31fe5eb2657ea712867b8d2bba83587c9075
ZXVAD_C04_MECHANISM_AUDIT_V2_3090_20261009,CF_PHOTO_A10_P25_s17,CF_PHOTO_A10_P25,17,0,5000,ped2,1962,PSNR,0.9091374269005847,True,False,fa90dac974d016b232bbf92fd48fdc06c7e2733a13dba4cd9eb4c867ea156d3c,04a9fe28036e9050bd05e3100002c74d9ee9171a4ebbe4272ae22ebcf0d775ab,9c39ba56975ba26f4f0f88401faa31fe5eb2657ea712867b8d2bba83587c9075
ZXVAD_C04_MECHANISM_AUDIT_V2_3090_20261009,CF_PHOTO_A10_P25_s17,CF_PHOTO_A10_P25,17,0,5000,ped2,1962,NC,0.3932378528626092,False,False,fa90dac974d016b232bbf92fd48fdc06c7e2733a13dba4cd9eb4c867ea156d3c,04a9fe28036e9050bd05e3100002c74d9ee9171a4ebbe4272ae22ebcf0d775ab,9c39ba56975ba26f4f0f88401faa31fe5eb2657ea712867b8d2bba83587c9075
ZXVAD_C04_MECHANISM_AUDIT_V2_3090_20261009,CF_PHOTO_A10_P25_s17,CF_PHOTO_A10_P25,17,0,5000,ped2,1962,NC_GAP,0.4807152913147065,False,False,fa90dac974d016b232bbf92fd48fdc06c7e2733a13dba4cd9eb4c867ea156d3c,04a9fe28036e9050bd05e3100002c74d9ee9171a4ebbe4272ae22ebcf0d775ab,9c39ba56975ba26f4f0f88401faa31fe5eb2657ea712867b8d2bba83587c9075
ZXVAD_C04_MECHANISM_AUDIT_V2_3090_20261009,CF_PHOTO_A10_P25_s17,CF_PHOTO_A10_P25,17,0,5000,ped2,1962,LOCAL,0.8961573171612158,False,False,fa90dac974d016b232bbf92fd48fdc06c7e2733a13dba4cd9eb4c867ea156d3c,04a9fe28036e9050bd05e3100002c74d9ee9171a4ebbe4272ae22ebcf0d775ab,9c39ba56975ba26f4f0f88401faa31fe5eb2657ea712867b8d2bba83587c9075
ZXVAD_C04_MECHANISM_AUDIT_V2_3090_20261009,CF_PHOTO_A10_P25_s17,CF_PHOTO_A10_P25,17,0,5000,ped2,1962,FUSION,0.9069209804346257,False,False,fa90dac974d016b232bbf92fd48fdc06c7e2733a13dba4cd9eb4c867ea156d3c,04a9fe28036e9050bd05e3100002c74d9ee9171a4ebbe4272ae22ebcf0d775ab,9c39ba56975ba26f4f0f88401faa31fe5eb2657ea712867b8d2bba83587c9075
ZXVAD_C04_MECHANISM_AUDIT_V2_3090_20261009,CF_PHOTO_A10_P25_s17,CF_PHOTO_A10_P25,17,0,5000,ped2,1962,PSNR_FROZEN,0.7893184607609559,False,False,fa90dac974d016b232bbf92fd48fdc06c7e2733a13dba4cd9eb4c867ea156d3c,04a9fe28036e9050bd05e3100002c74d9ee9171a4ebbe4272ae22ebcf0d775ab,9c39ba56975ba26f4f0f88401faa31fe5eb2657ea712867b8d2bba83587c9075
ZXVAD_C04_MECHANISM_AUDIT_V2_3090_20261009,CF_PHOTO_A10_P25_s17,CF_PHOTO_A10_P25,17,0,5000,ped2,1962,FUSION_FROZEN,0.7730741462710273,False,False,fa90dac974d016b232bbf92fd48fdc06c7e2733a13dba4cd9eb4c867ea156d3c,04a9fe28036e9050bd05e3100002c74d9ee9171a4ebbe4272ae22ebcf0d775ab,9c39ba56975ba26f4f0f88401faa31fe5eb2657ea712867b8d2bba83587c9075
ZXVAD_C04_MECHANISM_AUDIT_V2_3090_20261009,CF_PHOTO_A10_P25_s17,CF_PHOTO_A10_P25,17,0,5000,avenue,15240,PSNR,0.8475096608740457,True,False,06b3544d7994eb2b963ce79df14c93181b6ace78ad76a39b573bd0029c011960,04a9fe28036e9050bd05e3100002c74d9ee9171a4ebbe4272ae22ebcf0d775ab,9c39ba56975ba26f4f0f88401faa31fe5eb2657ea712867b8d2bba83587c9075
ZXVAD_C04_MECHANISM_AUDIT_V2_3090_20261009,CF_PHOTO_A10_P25_s17,CF_PHOTO_A10_P25,17,0,5000,avenue,15240,NC,0.6205834933720549,False,False,06b3544d7994eb2b963ce79df14c93181b6ace78ad76a39b573bd0029c011960,04a9fe28036e9050bd05e3100002c74d9ee9171a4ebbe4272ae22ebcf0d775ab,9c39ba56975ba26f4f0f88401faa31fe5eb2657ea712867b8d2bba83587c9075
ZXVAD_C04_MECHANISM_AUDIT_V2_3090_20261009,CF_PHOTO_A10_P25_s17,CF_PHOTO_A10_P25,17,0,5000,avenue,15240,NC_GAP,0.5251428521242213,False,False,06b3544d7994eb2b963ce79df14c93181b6ace78ad76a39b573bd0029c011960,04a9fe28036e9050bd05e3100002c74d9ee9171a4ebbe4272ae22ebcf0d775ab,9c39ba56975ba26f4f0f88401faa31fe5eb2657ea712867b8d2bba83587c9075
ZXVAD_C04_MECHANISM_AUDIT_V2_3090_20261009,CF_PHOTO_A10_P25_s17,CF_PHOTO_A10_P25,17,0,5000,avenue,15240,LOCAL,0.8386213405780131,False,False,06b3544d7994eb2b963ce79df14c93181b6ace78ad76a39b573bd0029c011960,04a9fe28036e9050bd05e3100002c74d9ee9171a4ebbe4272ae22ebcf0d775ab,9c39ba56975ba26f4f0f88401faa31fe5eb2657ea712867b8d2bba83587c9075
ZXVAD_C04_MECHANISM_AUDIT_V2_3090_20261009,CF_PHOTO_A10_P25_s17,CF_PHOTO_A10_P25,17,0,5000,avenue,15240,FUSION,0.8541884397395663,False,False,06b3544d7994eb2b963ce79df14c93181b6ace78ad76a39b573bd0029c011960,04a9fe28036e9050bd05e3100002c74d9ee9171a4ebbe4272ae22ebcf0d775ab,9c39ba56975ba26f4f0f88401faa31fe5eb2657ea712867b8d2bba83587c9075
ZXVAD_C04_MECHANISM_AUDIT_V2_3090_20261009,CF_PHOTO_A10_P25_s17,CF_PHOTO_A10_P25,17,0,5000,avenue,15240,PSNR_FROZEN,0.8742814534638624,False,False,06b3544d7994eb2b963ce79df14c93181b6ace78ad76a39b573bd0029c011960,04a9fe28036e9050bd05e3100002c74d9ee9171a4ebbe4272ae22ebcf0d775ab,9c39ba56975ba26f4f0f88401faa31fe5eb2657ea712867b8d2bba83587c9075
ZXVAD_C04_MECHANISM_AUDIT_V2_3090_20261009,CF_PHOTO_A10_P25_s17,CF_PHOTO_A10_P25,17,0,5000,avenue,15240,FUSION_FROZEN,0.8889632067075741,False,False,06b3544d7994eb2b963ce79df14c93181b6ace78ad76a39b573bd0029c011960,04a9fe28036e9050bd05e3100002c74d9ee9171a4ebbe4272ae22ebcf0d775ab,9c39ba56975ba26f4f0f88401faa31fe5eb2657ea712867b8d2bba83587c9075
ZXVAD_C04_MECHANISM_AUDIT_V2_3090_20261009,CF_NOISE_A10_P25_s17,CF_NOISE_A10_P25,17,0,5000,ped1,7056,PSNR,0.7402012362491875,True,False,01a58d62770c23e42d47061b6930bc40d132f186934eff57993285a6b721eba6,04a9fe28036e9050bd05e3100002c74d9ee9171a4ebbe4272ae22ebcf0d775ab,2693c877d8ef5921099e66c49c97533da40c521547cd2eb4a09a6dfb38906747
ZXVAD_C04_MECHANISM_AUDIT_V2_3090_20261009,CF_NOISE_A10_P25_s17,CF_NOISE_A10_P25,17,0,5000,ped1,7056,NC,0.45412659527335925,False,False,01a58d62770c23e42d47061b6930bc40d132f186934eff57993285a6b721eba6,04a9fe28036e9050bd05e3100002c74d9ee9171a4ebbe4272ae22ebcf0d775ab,2693c877d8ef5921099e66c49c97533da40c521547cd2eb4a09a6dfb38906747
ZXVAD_C04_MECHANISM_AUDIT_V2_3090_20261009,CF_NOISE_A10_P25_s17,CF_NOISE_A10_P25,17,0,5000,ped1,7056,NC_GAP,0.5058222810618915,False,False,01a58d62770c23e42d47061b6930bc40d132f186934eff57993285a6b721eba6,04a9fe28036e9050bd05e3100002c74d9ee9171a4ebbe4272ae22ebcf0d775ab,2693c877d8ef5921099e66c49c97533da40c521547cd2eb4a09a6dfb38906747
ZXVAD_C04_MECHANISM_AUDIT_V2_3090_20261009,CF_NOISE_A10_P25_s17,CF_NOISE_A10_P25,17,0,5000,ped1,7056,LOCAL,0.7127661453838009,False,False,01a58d62770c23e42d47061b6930bc40d132f186934eff57993285a6b721eba6,04a9fe28036e9050bd05e3100002c74d9ee9171a4ebbe4272ae22ebcf0d775ab,2693c877d8ef5921099e66c49c97533da40c521547cd2eb4a09a6dfb38906747
ZXVAD_C04_MECHANISM_AUDIT_V2_3090_20261009,CF_NOISE_A10_P25_s17,CF_NOISE_A10_P25,17,0,5000,ped1,7056,FUSION,0.740828218417818,False,False,01a58d62770c23e42d47061b6930bc40d132f186934eff57993285a6b721eba6,04a9fe28036e9050bd05e3100002c74d9ee9171a4ebbe4272ae22ebcf0d775ab,2693c877d8ef5921099e66c49c97533da40c521547cd2eb4a09a6dfb38906747
ZXVAD_C04_MECHANISM_AUDIT_V2_3090_20261009,CF_NOISE_A10_P25_s17,CF_NOISE_A10_P25,17,0,5000,ped1,7056,PSNR_FROZEN,0.7225364266743699,False,False,01a58d62770c23e42d47061b6930bc40d132f186934eff57993285a6b721eba6,04a9fe28036e9050bd05e3100002c74d9ee9171a4ebbe4272ae22ebcf0d775ab,2693c877d8ef5921099e66c49c97533da40c521547cd2eb4a09a6dfb38906747
ZXVAD_C04_MECHANISM_AUDIT_V2_3090_20261009,CF_NOISE_A10_P25_s17,CF_NOISE_A10_P25,17,0,5000,ped1,7056,FUSION_FROZEN,0.7208527513647658,False,False,01a58d62770c23e42d47061b6930bc40d132f186934eff57993285a6b721eba6,04a9fe28036e9050bd05e3100002c74d9ee9171a4ebbe4272ae22ebcf0d775ab,2693c877d8ef5921099e66c49c97533da40c521547cd2eb4a09a6dfb38906747
ZXVAD_C04_MECHANISM_AUDIT_V2_3090_20261009,CF_NOISE_A10_P25_s17,CF_NOISE_A10_P25,17,0,5000,ped2,1962,PSNR,0.8955643996823334,True,False,f6d1d357cbe71956f8f794acf479b26f795a2425d72a47aa43f15e9cb5d8f023,04a9fe28036e9050bd05e3100002c74d9ee9171a4ebbe4272ae22ebcf0d775ab,2693c877d8ef5921099e66c49c97533da40c521547cd2eb4a09a6dfb38906747
ZXVAD_C04_MECHANISM_AUDIT_V2_3090_20261009,CF_NOISE_A10_P25_s17,CF_NOISE_A10_P25,17,0,5000,ped2,1962,NC,0.42136488340192046,False,False,f6d1d357cbe71956f8f794acf479b26f795a2425d72a47aa43f15e9cb5d8f023,04a9fe28036e9050bd05e3100002c74d9ee9171a4ebbe4272ae22ebcf0d775ab,2693c877d8ef5921099e66c49c97533da40c521547cd2eb4a09a6dfb38906747
ZXVAD_C04_MECHANISM_AUDIT_V2_3090_20261009,CF_NOISE_A10_P25_s17,CF_NOISE_A10_P25,17,0,5000,ped2,1962,NC_GAP,0.49811475705725217,False,False,f6d1d357cbe71956f8f794acf479b26f795a2425d72a47aa43f15e9cb5d8f023,04a9fe28036e9050bd05e3100002c74d9ee9171a4ebbe4272ae22ebcf0d775ab,2693c877d8ef5921099e66c49c97533da40c521547cd2eb4a09a6dfb38906747
ZXVAD_C04_MECHANISM_AUDIT_V2_3090_20261009,CF_NOISE_A10_P25_s17,CF_NOISE_A10_P25,17,0,5000,ped2,1962,LOCAL,0.875917803768681,False,False,f6d1d357cbe71956f8f794acf479b26f795a2425d72a47aa43f15e9cb5d8f023,04a9fe28036e9050bd05e3100002c74d9ee9171a4ebbe4272ae22ebcf0d775ab,2693c877d8ef5921099e66c49c97533da40c521547cd2eb4a09a6dfb38906747
ZXVAD_C04_MECHANISM_AUDIT_V2_3090_20261009,CF_NOISE_A10_P25_s17,CF_NOISE_A10_P25,17,0,5000,ped2,1962,FUSION,0.8888952061223017,False,False,f6d1d357cbe71956f8f794acf479b26f795a2425d72a47aa43f15e9cb5d8f023,04a9fe28036e9050bd05e3100002c74d9ee9171a4ebbe4272ae22ebcf0d775ab,2693c877d8ef5921099e66c49c97533da40c521547cd2eb4a09a6dfb38906747
ZXVAD_C04_MECHANISM_AUDIT_V2_3090_20261009,CF_NOISE_A10_P25_s17,CF_NOISE_A10_P25,17,0,5000,ped2,1962,PSNR_FROZEN,0.756965201068515,False,False,f6d1d357cbe71956f8f794acf479b26f795a2425d72a47aa43f15e9cb5d8f023,04a9fe28036e9050bd05e3100002c74d9ee9171a4ebbe4272ae22ebcf0d775ab,2693c877d8ef5921099e66c49c97533da40c521547cd2eb4a09a6dfb38906747
ZXVAD_C04_MECHANISM_AUDIT_V2_3090_20261009,CF_NOISE_A10_P25_s17,CF_NOISE_A10_P25,17,0,5000,ped2,1962,FUSION_FROZEN,0.7330138618150314,False,False,f6d1d357cbe71956f8f794acf479b26f795a2425d72a47aa43f15e9cb5d8f023,04a9fe28036e9050bd05e3100002c74d9ee9171a4ebbe4272ae22ebcf0d775ab,2693c877d8ef5921099e66c49c97533da40c521547cd2eb4a09a6dfb38906747
ZXVAD_C04_MECHANISM_AUDIT_V2_3090_20261009,CF_NOISE_A10_P25_s17,CF_NOISE_A10_P25,17,0,5000,avenue,15240,PSNR,0.8461582978125439,True,False,8dbf495194a7b364cbbc13844a2eb7c4a423abe6d40332aa70e53847d5a2a716,04a9fe28036e9050bd05e3100002c74d9ee9171a4ebbe4272ae22ebcf0d775ab,2693c877d8ef5921099e66c49c97533da40c521547cd2eb4a09a6dfb38906747
ZXVAD_C04_MECHANISM_AUDIT_V2_3090_20261009,CF_NOISE_A10_P25_s17,CF_NOISE_A10_P25,17,0,5000,avenue,15240,NC,0.605700489484285,False,False,8dbf495194a7b364cbbc13844a2eb7c4a423abe6d40332aa70e53847d5a2a716,04a9fe28036e9050bd05e3100002c74d9ee9171a4ebbe4272ae22ebcf0d775ab,2693c877d8ef5921099e66c49c97533da40c521547cd2eb4a09a6dfb38906747
ZXVAD_C04_MECHANISM_AUDIT_V2_3090_20261009,CF_NOISE_A10_P25_s17,CF_NOISE_A10_P25,17,0,5000,avenue,15240,NC_GAP,0.5705625087826127,False,False,8dbf495194a7b364cbbc13844a2eb7c4a423abe6d40332aa70e53847d5a2a716,04a9fe28036e9050bd05e3100002c74d9ee9171a4ebbe4272ae22ebcf0d775ab,2693c877d8ef5921099e66c49c97533da40c521547cd2eb4a09a6dfb38906747
ZXVAD_C04_MECHANISM_AUDIT_V2_3090_20261009,CF_NOISE_A10_P25_s17,CF_NOISE_A10_P25,17,0,5000,avenue,15240,LOCAL,0.8404670710571924,False,False,8dbf495194a7b364cbbc13844a2eb7c4a423abe6d40332aa70e53847d5a2a716,04a9fe28036e9050bd05e3100002c74d9ee9171a4ebbe4272ae22ebcf0d775ab,2693c877d8ef5921099e66c49c97533da40c521547cd2eb4a09a6dfb38906747
ZXVAD_C04_MECHANISM_AUDIT_V2_3090_20261009,CF_NOISE_A10_P25_s17,CF_NOISE_A10_P25,17,0,5000,avenue,15240,FUSION,0.8495200243571127,False,False,8dbf495194a7b364cbbc13844a2eb7c4a423abe6d40332aa70e53847d5a2a716,04a9fe28036e9050bd05e3100002c74d9ee9171a4ebbe4272ae22ebcf0d775ab,2693c877d8ef5921099e66c49c97533da40c521547cd2eb4a09a6dfb38906747
ZXVAD_C04_MECHANISM_AUDIT_V2_3090_20261009,CF_NOISE_A10_P25_s17,CF_NOISE_A10_P25,17,0,5000,avenue,15240,PSNR_FROZEN,0.8631189517073399,False,False,8dbf495194a7b364cbbc13844a2eb7c4a423abe6d40332aa70e53847d5a2a716,04a9fe28036e9050bd05e3100002c74d9ee9171a4ebbe4272ae22ebcf0d775ab,2693c877d8ef5921099e66c49c97533da40c521547cd2eb4a09a6dfb38906747
ZXVAD_C04_MECHANISM_AUDIT_V2_3090_20261009,CF_NOISE_A10_P25_s17,CF_NOISE_A10_P25,17,0,5000,avenue,15240,FUSION_FROZEN,0.8829529954564617,False,False,8dbf495194a7b364cbbc13844a2eb7c4a423abe6d40332aa70e53847d5a2a716,04a9fe28036e9050bd05e3100002c74d9ee9171a4ebbe4272ae22ebcf0d775ab,2693c877d8ef5921099e66c49c97533da40c521547cd2eb4a09a6dfb38906747
ZXVAD_C04_MECHANISM_AUDIT_V2_3090_20261009,CF_SELF_A10_P25_s17,CF_SELF_A10_P25,17,0,5000,ped1,7056,PSNR,0.7645882335910155,True,False,fbc5bd8c1afb853cbaf80b0183dfdabc2673919cee1aec2dc816ddaf6b353950,04a9fe28036e9050bd05e3100002c74d9ee9171a4ebbe4272ae22ebcf0d775ab,9fcedf3415d1912e7aebd9face0dbaa997af278ca5a045e576b844643eacc13f
ZXVAD_C04_MECHANISM_AUDIT_V2_3090_20261009,CF_SELF_A10_P25_s17,CF_SELF_A10_P25,17,0,5000,ped1,7056,NC,0.4849611792041154,False,False,fbc5bd8c1afb853cbaf80b0183dfdabc2673919cee1aec2dc816ddaf6b353950,04a9fe28036e9050bd05e3100002c74d9ee9171a4ebbe4272ae22ebcf0d775ab,9fcedf3415d1912e7aebd9face0dbaa997af278ca5a045e576b844643eacc13f
ZXVAD_C04_MECHANISM_AUDIT_V2_3090_20261009,CF_SELF_A10_P25_s17,CF_SELF_A10_P25,17,0,5000,ped1,7056,NC_GAP,0.46566765544900746,False,False,fbc5bd8c1afb853cbaf80b0183dfdabc2673919cee1aec2dc816ddaf6b353950,04a9fe28036e9050bd05e3100002c74d9ee9171a4ebbe4272ae22ebcf0d775ab,9fcedf3415d1912e7aebd9face0dbaa997af278ca5a045e576b844643eacc13f
ZXVAD_C04_MECHANISM_AUDIT_V2_3090_20261009,CF_SELF_A10_P25_s17,CF_SELF_A10_P25,17,0,5000,ped1,7056,LOCAL,0.7365010518267909,False,False,fbc5bd8c1afb853cbaf80b0183dfdabc2673919cee1aec2dc816ddaf6b353950,04a9fe28036e9050bd05e3100002c74d9ee9171a4ebbe4272ae22ebcf0d775ab,9fcedf3415d1912e7aebd9face0dbaa997af278ca5a045e576b844643eacc13f
ZXVAD_C04_MECHANISM_AUDIT_V2_3090_20261009,CF_SELF_A10_P25_s17,CF_SELF_A10_P25,17,0,5000,ped1,7056,FUSION,0.7655337367687419,False,False,fbc5bd8c1afb853cbaf80b0183dfdabc2673919cee1aec2dc816ddaf6b353950,04a9fe28036e9050bd05e3100002c74d9ee9171a4ebbe4272ae22ebcf0d775ab,9fcedf3415d1912e7aebd9face0dbaa997af278ca5a045e576b844643eacc13f
ZXVAD_C04_MECHANISM_AUDIT_V2_3090_20261009,CF_SELF_A10_P25_s17,CF_SELF_A10_P25,17,0,5000,ped1,7056,PSNR_FROZEN,0.7427417980942392,False,False,fbc5bd8c1afb853cbaf80b0183dfdabc2673919cee1aec2dc816ddaf6b353950,04a9fe28036e9050bd05e3100002c74d9ee9171a4ebbe4272ae22ebcf0d775ab,9fcedf3415d1912e7aebd9face0dbaa997af278ca5a045e576b844643eacc13f
ZXVAD_C04_MECHANISM_AUDIT_V2_3090_20261009,CF_SELF_A10_P25_s17,CF_SELF_A10_P25,17,0,5000,ped1,7056,FUSION_FROZEN,0.7410708407245283,False,False,fbc5bd8c1afb853cbaf80b0183dfdabc2673919cee1aec2dc816ddaf6b353950,04a9fe28036e9050bd05e3100002c74d9ee9171a4ebbe4272ae22ebcf0d775ab,9fcedf3415d1912e7aebd9face0dbaa997af278ca5a045e576b844643eacc13f
ZXVAD_C04_MECHANISM_AUDIT_V2_3090_20261009,CF_SELF_A10_P25_s17,CF_SELF_A10_P25,17,0,5000,ped2,1962,PSNR,0.9042244242292975,True,False,ec1820cc1b7a68886b47c2e1a96797fa817eeb34d4d71075a30a7bc9c469742f,04a9fe28036e9050bd05e3100002c74d9ee9171a4ebbe4272ae22ebcf0d775ab,9fcedf3415d1912e7aebd9face0dbaa997af278ca5a045e576b844643eacc13f
ZXVAD_C04_MECHANISM_AUDIT_V2_3090_20261009,CF_SELF_A10_P25_s17,CF_SELF_A10_P25,17,0,5000,ped2,1962,NC,0.46282217890405025,False,False,ec1820cc1b7a68886b47c2e1a96797fa817eeb34d4d71075a30a7bc9c469742f,04a9fe28036e9050bd05e3100002c74d9ee9171a4ebbe4272ae22ebcf0d775ab,9fcedf3415d1912e7aebd9face0dbaa997af278ca5a045e576b844643eacc13f
ZXVAD_C04_MECHANISM_AUDIT_V2_3090_20261009,CF_SELF_A10_P25_s17,CF_SELF_A10_P25,17,0,5000,ped2,1962,NC_GAP,0.5171548985632807,False,False,ec1820cc1b7a68886b47c2e1a96797fa817eeb34d4d71075a30a7bc9c469742f,04a9fe28036e9050bd05e3100002c74d9ee9171a4ebbe4272ae22ebcf0d775ab,9fcedf3415d1912e7aebd9face0dbaa997af278ca5a045e576b844643eacc13f
ZXVAD_C04_MECHANISM_AUDIT_V2_3090_20261009,CF_SELF_A10_P25_s17,CF_SELF_A10_P25,17,0,5000,ped2,1962,LOCAL,0.8918985993791062,False,False,ec1820cc1b7a68886b47c2e1a96797fa817eeb34d4d71075a30a7bc9c469742f,04a9fe28036e9050bd05e3100002c74d9ee9171a4ebbe4272ae22ebcf0d775ab,9fcedf3415d1912e7aebd9face0dbaa997af278ca5a045e576b844643eacc13f
ZXVAD_C04_MECHANISM_AUDIT_V2_3090_20261009,CF_SELF_A10_P25_s17,CF_SELF_A10_P25,17,0,5000,ped2,1962,FUSION,0.8883943397588622,False,False,ec1820cc1b7a68886b47c2e1a96797fa817eeb34d4d71075a30a7bc9c469742f,04a9fe28036e9050bd05e3100002c74d9ee9171a4ebbe4272ae22ebcf0d775ab,9fcedf3415d1912e7aebd9face0dbaa997af278ca5a045e576b844643eacc13f
ZXVAD_C04_MECHANISM_AUDIT_V2_3090_20261009,CF_SELF_A10_P25_s17,CF_SELF_A10_P25,17,0,5000,ped2,1962,PSNR_FROZEN,0.7738159699660674,False,False,ec1820cc1b7a68886b47c2e1a96797fa817eeb34d4d71075a30a7bc9c469742f,04a9fe28036e9050bd05e3100002c74d9ee9171a4ebbe4272ae22ebcf0d775ab,9fcedf3415d1912e7aebd9face0dbaa997af278ca5a045e576b844643eacc13f
ZXVAD_C04_MECHANISM_AUDIT_V2_3090_20261009,CF_SELF_A10_P25_s17,CF_SELF_A10_P25,17,0,5000,ped2,1962,FUSION_FROZEN,0.7357591509638294,False,False,ec1820cc1b7a68886b47c2e1a96797fa817eeb34d4d71075a30a7bc9c469742f,04a9fe28036e9050bd05e3100002c74d9ee9171a4ebbe4272ae22ebcf0d775ab,9fcedf3415d1912e7aebd9face0dbaa997af278ca5a045e576b844643eacc13f
ZXVAD_C04_MECHANISM_AUDIT_V2_3090_20261009,CF_SELF_A10_P25_s17,CF_SELF_A10_P25,17,0,5000,avenue,15240,PSNR,0.8384014239542835,True,False,70af98762018afcbce4efaae1665a01bb7e1b2882c40ba5db4ccbcf9737204f1,04a9fe28036e9050bd05e3100002c74d9ee9171a4ebbe4272ae22ebcf0d775ab,9fcedf3415d1912e7aebd9face0dbaa997af278ca5a045e576b844643eacc13f
ZXVAD_C04_MECHANISM_AUDIT_V2_3090_20261009,CF_SELF_A10_P25_s17,CF_SELF_A10_P25,17,0,5000,avenue,15240,NC,0.5423270176589068,False,False,70af98762018afcbce4efaae1665a01bb7e1b2882c40ba5db4ccbcf9737204f1,04a9fe28036e9050bd05e3100002c74d9ee9171a4ebbe4272ae22ebcf0d775ab,9fcedf3415d1912e7aebd9face0dbaa997af278ca5a045e576b844643eacc13f
ZXVAD_C04_MECHANISM_AUDIT_V2_3090_20261009,CF_SELF_A10_P25_s17,CF_SELF_A10_P25,17,0,5000,avenue,15240,NC_GAP,0.5484196683685418,False,False,70af98762018afcbce4efaae1665a01bb7e1b2882c40ba5db4ccbcf9737204f1,04a9fe28036e9050bd05e3100002c74d9ee9171a4ebbe4272ae22ebcf0d775ab,9fcedf3415d1912e7aebd9face0dbaa997af278ca5a045e576b844643eacc13f
ZXVAD_C04_MECHANISM_AUDIT_V2_3090_20261009,CF_SELF_A10_P25_s17,CF_SELF_A10_P25,17,0,5000,avenue,15240,LOCAL,0.8284066818117944,False,False,70af98762018afcbce4efaae1665a01bb7e1b2882c40ba5db4ccbcf9737204f1,04a9fe28036e9050bd05e3100002c74d9ee9171a4ebbe4272ae22ebcf0d775ab,9fcedf3415d1912e7aebd9face0dbaa997af278ca5a045e576b844643eacc13f
ZXVAD_C04_MECHANISM_AUDIT_V2_3090_20261009,CF_SELF_A10_P25_s17,CF_SELF_A10_P25,17,0,5000,avenue,15240,FUSION,0.8402489577966181,False,False,70af98762018afcbce4efaae1665a01bb7e1b2882c40ba5db4ccbcf9737204f1,04a9fe28036e9050bd05e3100002c74d9ee9171a4ebbe4272ae22ebcf0d775ab,9fcedf3415d1912e7aebd9face0dbaa997af278ca5a045e576b844643eacc13f
ZXVAD_C04_MECHANISM_AUDIT_V2_3090_20261009,CF_SELF_A10_P25_s17,CF_SELF_A10_P25,17,0,5000,avenue,15240,PSNR_FROZEN,0.8614695301887676,False,False,70af98762018afcbce4efaae1665a01bb7e1b2882c40ba5db4ccbcf9737204f1,04a9fe28036e9050bd05e3100002c74d9ee9171a4ebbe4272ae22ebcf0d775ab,9fcedf3415d1912e7aebd9face0dbaa997af278ca5a045e576b844643eacc13f
ZXVAD_C04_MECHANISM_AUDIT_V2_3090_20261009,CF_SELF_A10_P25_s17,CF_SELF_A10_P25,17,0,5000,avenue,15240,FUSION_FROZEN,0.876989086139866,False,False,70af98762018afcbce4efaae1665a01bb7e1b2882c40ba5db4ccbcf9737204f1,04a9fe28036e9050bd05e3100002c74d9ee9171a4ebbe4272ae22ebcf0d775ab,9fcedf3415d1912e7aebd9face0dbaa997af278ca5a045e576b844643eacc13f
ZXVAD_C04_MECHANISM_AUDIT_V2_3090_20261009,CF_STATIC_A10_P25_s17,CF_STATIC_A10_P25,17,0,5000,ped1,7056,PSNR,0.7590352784202404,True,False,73376f871b673391baf0421f40ebbb334dd460043801fde70a91cd17a521a959,04a9fe28036e9050bd05e3100002c74d9ee9171a4ebbe4272ae22ebcf0d775ab,1eb3d0548ee04cd78be1f0994ebcfa4310626e3822b044b820f61707ee51b65a
ZXVAD_C04_MECHANISM_AUDIT_V2_3090_20261009,CF_STATIC_A10_P25_s17,CF_STATIC_A10_P25,17,0,5000,ped1,7056,NC,0.5525627139609366,False,False,73376f871b673391baf0421f40ebbb334dd460043801fde70a91cd17a521a959,04a9fe28036e9050bd05e3100002c74d9ee9171a4ebbe4272ae22ebcf0d775ab,1eb3d0548ee04cd78be1f0994ebcfa4310626e3822b044b820f61707ee51b65a
ZXVAD_C04_MECHANISM_AUDIT_V2_3090_20261009,CF_STATIC_A10_P25_s17,CF_STATIC_A10_P25,17,0,5000,ped1,7056,NC_GAP,0.5235354678807406,False,False,73376f871b673391baf0421f40ebbb334dd460043801fde70a91cd17a521a959,04a9fe28036e9050bd05e3100002c74d9ee9171a4ebbe4272ae22ebcf0d775ab,1eb3d0548ee04cd78be1f0994ebcfa4310626e3822b044b820f61707ee51b65a
ZXVAD_C04_MECHANISM_AUDIT_V2_3090_20261009,CF_STATIC_A10_P25_s17,CF_STATIC_A10_P25,17,0,5000,ped1,7056,LOCAL,0.7321192103623321,False,False,73376f871b673391baf0421f40ebbb334dd460043801fde70a91cd17a521a959,04a9fe28036e9050bd05e3100002c74d9ee9171a4ebbe4272ae22ebcf0d775ab,1eb3d0548ee04cd78be1f0994ebcfa4310626e3822b044b820f61707ee51b65a
ZXVAD_C04_MECHANISM_AUDIT_V2_3090_20261009,CF_STATIC_A10_P25_s17,CF_STATIC_A10_P25,17,0,5000,ped1,7056,FUSION,0.7725409945003702,False,False,73376f871b673391baf0421f40ebbb334dd460043801fde70a91cd17a521a959,04a9fe28036e9050bd05e3100002c74d9ee9171a4ebbe4272ae22ebcf0d775ab,1eb3d0548ee04cd78be1f0994ebcfa4310626e3822b044b820f61707ee51b65a
ZXVAD_C04_MECHANISM_AUDIT_V2_3090_20261009,CF_STATIC_A10_P25_s17,CF_STATIC_A10_P25,17,0,5000,ped1,7056,PSNR_FROZEN,0.7401523682807872,False,False,73376f871b673391baf0421f40ebbb334dd460043801fde70a91cd17a521a959,04a9fe28036e9050bd05e3100002c74d9ee9171a4ebbe4272ae22ebcf0d775ab,1eb3d0548ee04cd78be1f0994ebcfa4310626e3822b044b820f61707ee51b65a
ZXVAD_C04_MECHANISM_AUDIT_V2_3090_20261009,CF_STATIC_A10_P25_s17,CF_STATIC_A10_P25,17,0,5000,ped1,7056,FUSION_FROZEN,0.7372720615976857,False,False,73376f871b673391baf0421f40ebbb334dd460043801fde70a91cd17a521a959,04a9fe28036e9050bd05e3100002c74d9ee9171a4ebbe4272ae22ebcf0d775ab,1eb3d0548ee04cd78be1f0994ebcfa4310626e3822b044b820f61707ee51b65a
ZXVAD_C04_MECHANISM_AUDIT_V2_3090_20261009,CF_STATIC_A10_P25_s17,CF_STATIC_A10_P25,17,0,5000,ped2,1962,PSNR,0.9144619522056169,True,False,62165e6a030ff590f26ec198e11361d0d99b53839d137c9919bed796a37ca7e9,04a9fe28036e9050bd05e3100002c74d9ee9171a4ebbe4272ae22ebcf0d775ab,1eb3d0548ee04cd78be1f0994ebcfa4310626e3822b044b820f61707ee51b65a
ZXVAD_C04_MECHANISM_AUDIT_V2_3090_20261009,CF_STATIC_A10_P25_s17,CF_STATIC_A10_P25,17,0,5000,ped2,1962,NC,0.6326637065915819,False,False,62165e6a030ff590f26ec198e11361d0d99b53839d137c9919bed796a37ca7e9,04a9fe28036e9050bd05e3100002c74d9ee9171a4ebbe4272ae22ebcf0d775ab,1eb3d0548ee04cd78be1f0994ebcfa4310626e3822b044b820f61707ee51b65a
ZXVAD_C04_MECHANISM_AUDIT_V2_3090_20261009,CF_STATIC_A10_P25_s17,CF_STATIC_A10_P25,17,0,5000,ped2,1962,NC_GAP,0.5146460544365028,False,False,62165e6a030ff590f26ec198e11361d0d99b53839d137c9919bed796a37ca7e9,04a9fe28036e9050bd05e3100002c74d9ee9171a4ebbe4272ae22ebcf0d775ab,1eb3d0548ee04cd78be1f0994ebcfa4310626e3822b044b820f61707ee51b65a
ZXVAD_C04_MECHANISM_AUDIT_V2_3090_20261009,CF_STATIC_A10_P25_s17,CF_STATIC_A10_P25,17,0,5000,ped2,1962,LOCAL,0.9013681322648184,False,False,62165e6a030ff590f26ec198e11361d0d99b53839d137c9919bed796a37ca7e9,04a9fe28036e9050bd05e3100002c74d9ee9171a4ebbe4272ae22ebcf0d775ab,1eb3d0548ee04cd78be1f0994ebcfa4310626e3822b044b820f61707ee51b65a
ZXVAD_C04_MECHANISM_AUDIT_V2_3090_20261009,CF_STATIC_A10_P25_s17,CF_STATIC_A10_P25,17,0,5000,ped2,1962,FUSION,0.8787993646668111,False,False,62165e6a030ff590f26ec198e11361d0d99b53839d137c9919bed796a37ca7e9,04a9fe28036e9050bd05e3100002c74d9ee9171a4ebbe4272ae22ebcf0d775ab,1eb3d0548ee04cd78be1f0994ebcfa4310626e3822b044b820f61707ee51b65a
ZXVAD_C04_MECHANISM_AUDIT_V2_3090_20261009,CF_STATIC_A10_P25_s17,CF_STATIC_A10_P25,17,0,5000,ped2,1962,PSNR_FROZEN,0.7715670348711284,False,False,62165e6a030ff590f26ec198e11361d0d99b53839d137c9919bed796a37ca7e9,04a9fe28036e9050bd05e3100002c74d9ee9171a4ebbe4272ae22ebcf0d775ab,1eb3d0548ee04cd78be1f0994ebcfa4310626e3822b044b820f61707ee51b65a
ZXVAD_C04_MECHANISM_AUDIT_V2_3090_20261009,CF_STATIC_A10_P25_s17,CF_STATIC_A10_P25,17,0,5000,ped2,1962,FUSION_FROZEN,0.7209840444733232,False,False,62165e6a030ff590f26ec198e11361d0d99b53839d137c9919bed796a37ca7e9,04a9fe28036e9050bd05e3100002c74d9ee9171a4ebbe4272ae22ebcf0d775ab,1eb3d0548ee04cd78be1f0994ebcfa4310626e3822b044b820f61707ee51b65a
ZXVAD_C04_MECHANISM_AUDIT_V2_3090_20261009,CF_STATIC_A10_P25_s17,CF_STATIC_A10_P25,17,0,5000,avenue,15240,PSNR,0.8459953159398567,True,False,25d22f6819f629a77d1f7c71fb38e7f29cc7a263d545d3b101b8b03522e38841,04a9fe28036e9050bd05e3100002c74d9ee9171a4ebbe4272ae22ebcf0d775ab,1eb3d0548ee04cd78be1f0994ebcfa4310626e3822b044b820f61707ee51b65a
ZXVAD_C04_MECHANISM_AUDIT_V2_3090_20261009,CF_STATIC_A10_P25_s17,CF_STATIC_A10_P25,17,0,5000,avenue,15240,NC,0.654215197433135,False,False,25d22f6819f629a77d1f7c71fb38e7f29cc7a263d545d3b101b8b03522e38841,04a9fe28036e9050bd05e3100002c74d9ee9171a4ebbe4272ae22ebcf0d775ab,1eb3d0548ee04cd78be1f0994ebcfa4310626e3822b044b820f61707ee51b65a
ZXVAD_C04_MECHANISM_AUDIT_V2_3090_20261009,CF_STATIC_A10_P25_s17,CF_STATIC_A10_P25,17,0,5000,avenue,15240,NC_GAP,0.582849969553609,False,False,25d22f6819f629a77d1f7c71fb38e7f29cc7a263d545d3b101b8b03522e38841,04a9fe28036e9050bd05e3100002c74d9ee9171a4ebbe4272ae22ebcf0d775ab,1eb3d0548ee04cd78be1f0994ebcfa4310626e3822b044b820f61707ee51b65a
ZXVAD_C04_MECHANISM_AUDIT_V2_3090_20261009,CF_STATIC_A10_P25_s17,CF_STATIC_A10_P25,17,0,5000,avenue,15240,LOCAL,0.83928137149281,False,False,25d22f6819f629a77d1f7c71fb38e7f29cc7a263d545d3b101b8b03522e38841,04a9fe28036e9050bd05e3100002c74d9ee9171a4ebbe4272ae22ebcf0d775ab,1eb3d0548ee04cd78be1f0994ebcfa4310626e3822b044b820f61707ee51b65a
ZXVAD_C04_MECHANISM_AUDIT_V2_3090_20261009,CF_STATIC_A10_P25_s17,CF_STATIC_A10_P25,17,0,5000,avenue,15240,FUSION,0.8434341889549862,False,False,25d22f6819f629a77d1f7c71fb38e7f29cc7a263d545d3b101b8b03522e38841,04a9fe28036e9050bd05e3100002c74d9ee9171a4ebbe4272ae22ebcf0d775ab,1eb3d0548ee04cd78be1f0994ebcfa4310626e3822b044b820f61707ee51b65a
ZXVAD_C04_MECHANISM_AUDIT_V2_3090_20261009,CF_STATIC_A10_P25_s17,CF_STATIC_A10_P25,17,0,5000,avenue,15240,PSNR_FROZEN,0.8715835402126564,False,False,25d22f6819f629a77d1f7c71fb38e7f29cc7a263d545d3b101b8b03522e38841,04a9fe28036e9050bd05e3100002c74d9ee9171a4ebbe4272ae22ebcf0d775ab,1eb3d0548ee04cd78be1f0994ebcfa4310626e3822b044b820f61707ee51b65a
ZXVAD_C04_MECHANISM_AUDIT_V2_3090_20261009,CF_STATIC_A10_P25_s17,CF_STATIC_A10_P25,17,0,5000,avenue,15240,FUSION_FROZEN,0.8840602370134433,False,False,25d22f6819f629a77d1f7c71fb38e7f29cc7a263d545d3b101b8b03522e38841,04a9fe28036e9050bd05e3100002c74d9ee9171a4ebbe4272ae22ebcf0d775ab,1eb3d0548ee04cd78be1f0994ebcfa4310626e3822b044b820f61707ee51b65a
ZXVAD_C04_MECHANISM_AUDIT_V2_3090_20261009,CF_MOVE_A10_P25_s17,CF_MOVE_A10_P25,17,0,5000,ped1,7056,PSNR,0.7687988940381324,True,False,519f68a7d202a5e2027933a29ac41c903efb30b7e072a73e79b27f6d6a7cca62,04a9fe28036e9050bd05e3100002c74d9ee9171a4ebbe4272ae22ebcf0d775ab,8b4167d6c097b05a12bd96ce5fedd74c2cb75b4b23254350b38af9115f2268e5
ZXVAD_C04_MECHANISM_AUDIT_V2_3090_20261009,CF_MOVE_A10_P25_s17,CF_MOVE_A10_P25,17,0,5000,ped1,7056,NC,0.4308961534815708,False,False,519f68a7d202a5e2027933a29ac41c903efb30b7e072a73e79b27f6d6a7cca62,04a9fe28036e9050bd05e3100002c74d9ee9171a4ebbe4272ae22ebcf0d775ab,8b4167d6c097b05a12bd96ce5fedd74c2cb75b4b23254350b38af9115f2268e5
ZXVAD_C04_MECHANISM_AUDIT_V2_3090_20261009,CF_MOVE_A10_P25_s17,CF_MOVE_A10_P25,17,0,5000,ped1,7056,NC_GAP,0.451887665340375,False,False,519f68a7d202a5e2027933a29ac41c903efb30b7e072a73e79b27f6d6a7cca62,04a9fe28036e9050bd05e3100002c74d9ee9171a4ebbe4272ae22ebcf0d775ab,8b4167d6c097b05a12bd96ce5fedd74c2cb75b4b23254350b38af9115f2268e5
ZXVAD_C04_MECHANISM_AUDIT_V2_3090_20261009,CF_MOVE_A10_P25_s17,CF_MOVE_A10_P25,17,0,5000,ped1,7056,LOCAL,0.7423739183923739,False,False,519f68a7d202a5e2027933a29ac41c903efb30b7e072a73e79b27f6d6a7cca62,04a9fe28036e9050bd05e3100002c74d9ee9171a4ebbe4272ae22ebcf0d775ab,8b4167d6c097b05a12bd96ce5fedd74c2cb75b4b23254350b38af9115f2268e5
ZXVAD_C04_MECHANISM_AUDIT_V2_3090_20261009,CF_MOVE_A10_P25_s17,CF_MOVE_A10_P25,17,0,5000,ped1,7056,FUSION,0.772562831734785,False,False,519f68a7d202a5e2027933a29ac41c903efb30b7e072a73e79b27f6d6a7cca62,04a9fe28036e9050bd05e3100002c74d9ee9171a4ebbe4272ae22ebcf0d775ab,8b4167d6c097b05a12bd96ce5fedd74c2cb75b4b23254350b38af9115f2268e5
ZXVAD_C04_MECHANISM_AUDIT_V2_3090_20261009,CF_MOVE_A10_P25_s17,CF_MOVE_A10_P25,17,0,5000,ped1,7056,PSNR_FROZEN,0.7455857911740441,False,False,519f68a7d202a5e2027933a29ac41c903efb30b7e072a73e79b27f6d6a7cca62,04a9fe28036e9050bd05e3100002c74d9ee9171a4ebbe4272ae22ebcf0d775ab,8b4167d6c097b05a12bd96ce5fedd74c2cb75b4b23254350b38af9115f2268e5
ZXVAD_C04_MECHANISM_AUDIT_V2_3090_20261009,CF_MOVE_A10_P25_s17,CF_MOVE_A10_P25,17,0,5000,ped1,7056,FUSION_FROZEN,0.7450370386485516,False,False,519f68a7d202a5e2027933a29ac41c903efb30b7e072a73e79b27f6d6a7cca62,04a9fe28036e9050bd05e3100002c74d9ee9171a4ebbe4272ae22ebcf0d775ab,8b4167d6c097b05a12bd96ce5fedd74c2cb75b4b23254350b38af9115f2268e5
ZXVAD_C04_MECHANISM_AUDIT_V2_3090_20261009,CF_MOVE_A10_P25_s17,CF_MOVE_A10_P25,17,0,5000,ped2,1962,PSNR,0.9051313984549852,True,False,b7def333bb64d04104b5185396155ea1a8460fb61d1997d5d7d91117c92a11a1,04a9fe28036e9050bd05e3100002c74d9ee9171a4ebbe4272ae22ebcf0d775ab,8b4167d6c097b05a12bd96ce5fedd74c2cb75b4b23254350b38af9115f2268e5
ZXVAD_C04_MECHANISM_AUDIT_V2_3090_20261009,CF_MOVE_A10_P25_s17,CF_MOVE_A10_P25,17,0,5000,ped2,1962,NC,0.45407822539888815,False,False,b7def333bb64d04104b5185396155ea1a8460fb61d1997d5d7d91117c92a11a1,04a9fe28036e9050bd05e3100002c74d9ee9171a4ebbe4272ae22ebcf0d775ab,8b4167d6c097b05a12bd96ce5fedd74c2cb75b4b23254350b38af9115f2268e5
ZXVAD_C04_MECHANISM_AUDIT_V2_3090_20261009,CF_MOVE_A10_P25_s17,CF_MOVE_A10_P25,17,0,5000,ped2,1962,NC_GAP,0.41724785214063964,False,False,b7def333bb64d04104b5185396155ea1a8460fb61d1997d5d7d91117c92a11a1,04a9fe28036e9050bd05e3100002c74d9ee9171a4ebbe4272ae22ebcf0d775ab,8b4167d6c097b05a12bd96ce5fedd74c2cb75b4b23254350b38af9115f2268e5
ZXVAD_C04_MECHANISM_AUDIT_V2_3090_20261009,CF_MOVE_A10_P25_s17,CF_MOVE_A10_P25,17,0,5000,ped2,1962,LOCAL,0.8975669626741751,False,False,b7def333bb64d04104b5185396155ea1a8460fb61d1997d5d7d91117c92a11a1,04a9fe28036e9050bd05e3100002c74d9ee9171a4ebbe4272ae22ebcf0d775ab,8b4167d6c097b05a12bd96ce5fedd74c2cb75b4b23254350b38af9115f2268e5
ZXVAD_C04_MECHANISM_AUDIT_V2_3090_20261009,CF_MOVE_A10_P25_s17,CF_MOVE_A10_P25,17,0,5000,ped2,1962,FUSION,0.8898743773012779,False,False,b7def333bb64d04104b5185396155ea1a8460fb61d1997d5d7d91117c92a11a1,04a9fe28036e9050bd05e3100002c74d9ee9171a4ebbe4272ae22ebcf0d775ab,8b4167d6c097b05a12bd96ce5fedd74c2cb75b4b23254350b38af9115f2268e5
ZXVAD_C04_MECHANISM_AUDIT_V2_3090_20261009,CF_MOVE_A10_P25_s17,CF_MOVE_A10_P25,17,0,5000,ped2,1962,PSNR_FROZEN,0.807555411161649,False,False,b7def333bb64d04104b5185396155ea1a8460fb61d1997d5d7d91117c92a11a1,04a9fe28036e9050bd05e3100002c74d9ee9171a4ebbe4272ae22ebcf0d775ab,8b4167d6c097b05a12bd96ce5fedd74c2cb75b4b23254350b38af9115f2268e5
ZXVAD_C04_MECHANISM_AUDIT_V2_3090_20261009,CF_MOVE_A10_P25_s17,CF_MOVE_A10_P25,17,0,5000,ped2,1962,FUSION_FROZEN,0.7970543643058263,False,False,b7def333bb64d04104b5185396155ea1a8460fb61d1997d5d7d91117c92a11a1,04a9fe28036e9050bd05e3100002c74d9ee9171a4ebbe4272ae22ebcf0d775ab,8b4167d6c097b05a12bd96ce5fedd74c2cb75b4b23254350b38af9115f2268e5
ZXVAD_C04_MECHANISM_AUDIT_V2_3090_20261009,CF_MOVE_A10_P25_s17,CF_MOVE_A10_P25,17,0,5000,avenue,15240,PSNR,0.8438036207784908,True,False,00ddc61b35052995a1018979cbc4305e8810f775cdfc8c828f1e28c5f521ef70,04a9fe28036e9050bd05e3100002c74d9ee9171a4ebbe4272ae22ebcf0d775ab,8b4167d6c097b05a12bd96ce5fedd74c2cb75b4b23254350b38af9115f2268e5
ZXVAD_C04_MECHANISM_AUDIT_V2_3090_20261009,CF_MOVE_A10_P25_s17,CF_MOVE_A10_P25,17,0,5000,avenue,15240,NC,0.5448013138788702,False,False,00ddc61b35052995a1018979cbc4305e8810f775cdfc8c828f1e28c5f521ef70,04a9fe28036e9050bd05e3100002c74d9ee9171a4ebbe4272ae22ebcf0d775ab,8b4167d6c097b05a12bd96ce5fedd74c2cb75b4b23254350b38af9115f2268e5
ZXVAD_C04_MECHANISM_AUDIT_V2_3090_20261009,CF_MOVE_A10_P25_s17,CF_MOVE_A10_P25,17,0,5000,avenue,15240,NC_GAP,0.47852305728605554,False,False,00ddc61b35052995a1018979cbc4305e8810f775cdfc8c828f1e28c5f521ef70,04a9fe28036e9050bd05e3100002c74d9ee9171a4ebbe4272ae22ebcf0d775ab,8b4167d6c097b05a12bd96ce5fedd74c2cb75b4b23254350b38af9115f2268e5
ZXVAD_C04_MECHANISM_AUDIT_V2_3090_20261009,CF_MOVE_A10_P25_s17,CF_MOVE_A10_P25,17,0,5000,avenue,15240,LOCAL,0.8335165581526067,False,False,00ddc61b35052995a1018979cbc4305e8810f775cdfc8c828f1e28c5f521ef70,04a9fe28036e9050bd05e3100002c74d9ee9171a4ebbe4272ae22ebcf0d775ab,8b4167d6c097b05a12bd96ce5fedd74c2cb75b4b23254350b38af9115f2268e5
ZXVAD_C04_MECHANISM_AUDIT_V2_3090_20261009,CF_MOVE_A10_P25_s17,CF_MOVE_A10_P25,17,0,5000,avenue,15240,FUSION,0.8429844255000234,False,False,00ddc61b35052995a1018979cbc4305e8810f775cdfc8c828f1e28c5f521ef70,04a9fe28036e9050bd05e3100002c74d9ee9171a4ebbe4272ae22ebcf0d775ab,8b4167d6c097b05a12bd96ce5fedd74c2cb75b4b23254350b38af9115f2268e5
ZXVAD_C04_MECHANISM_AUDIT_V2_3090_20261009,CF_MOVE_A10_P25_s17,CF_MOVE_A10_P25,17,0,5000,avenue,15240,PSNR_FROZEN,0.8647076443861539,False,False,00ddc61b35052995a1018979cbc4305e8810f775cdfc8c828f1e28c5f521ef70,04a9fe28036e9050bd05e3100002c74d9ee9171a4ebbe4272ae22ebcf0d775ab,8b4167d6c097b05a12bd96ce5fedd74c2cb75b4b23254350b38af9115f2268e5
ZXVAD_C04_MECHANISM_AUDIT_V2_3090_20261009,CF_MOVE_A10_P25_s17,CF_MOVE_A10_P25,17,0,5000,avenue,15240,FUSION_FROZEN,0.8754836526300998,False,False,00ddc61b35052995a1018979cbc4305e8810f775cdfc8c828f1e28c5f521ef70,04a9fe28036e9050bd05e3100002c74d9ee9171a4ebbe4272ae22ebcf0d775ab,8b4167d6c097b05a12bd96ce5fedd74c2cb75b4b23254350b38af9115f2268e5
ZXVAD_C04_MECHANISM_AUDIT_V2_3090_20261009,CF_SHUFFLE_A10_P25_s17,CF_SHUFFLE_A10_P25,17,0,5000,ped1,7056,PSNR,0.7632438941824872,True,False,22ffe2c03ddce3427833e7d19e4d3e6eee7e6f24d18a362b65871a857bb5344f,04a9fe28036e9050bd05e3100002c74d9ee9171a4ebbe4272ae22ebcf0d775ab,7f16ecfa3afa44fc4a850a306e40dce9fde72c32f1c21b6f9a3cddd700a4db9d
ZXVAD_C04_MECHANISM_AUDIT_V2_3090_20261009,CF_SHUFFLE_A10_P25_s17,CF_SHUFFLE_A10_P25,17,0,5000,ped1,7056,NC,0.4243340645399054,False,False,22ffe2c03ddce3427833e7d19e4d3e6eee7e6f24d18a362b65871a857bb5344f,04a9fe28036e9050bd05e3100002c74d9ee9171a4ebbe4272ae22ebcf0d775ab,7f16ecfa3afa44fc4a850a306e40dce9fde72c32f1c21b6f9a3cddd700a4db9d
ZXVAD_C04_MECHANISM_AUDIT_V2_3090_20261009,CF_SHUFFLE_A10_P25_s17,CF_SHUFFLE_A10_P25,17,0,5000,ped1,7056,NC_GAP,0.4474962547507231,False,False,22ffe2c03ddce3427833e7d19e4d3e6eee7e6f24d18a362b65871a857bb5344f,04a9fe28036e9050bd05e3100002c74d9ee9171a4ebbe4272ae22ebcf0d775ab,7f16ecfa3afa44fc4a850a306e40dce9fde72c32f1c21b6f9a3cddd700a4db9d
ZXVAD_C04_MECHANISM_AUDIT_V2_3090_20261009,CF_SHUFFLE_A10_P25_s17,CF_SHUFFLE_A10_P25,17,0,5000,ped1,7056,LOCAL,0.7382483986232564,False,False,22ffe2c03ddce3427833e7d19e4d3e6eee7e6f24d18a362b65871a857bb5344f,04a9fe28036e9050bd05e3100002c74d9ee9171a4ebbe4272ae22ebcf0d775ab,7f16ecfa3afa44fc4a850a306e40dce9fde72c32f1c21b6f9a3cddd700a4db9d
ZXVAD_C04_MECHANISM_AUDIT_V2_3090_20261009,CF_SHUFFLE_A10_P25_s17,CF_SHUFFLE_A10_P25,17,0,5000,ped1,7056,FUSION,0.7596526505699804,False,False,22ffe2c03ddce3427833e7d19e4d3e6eee7e6f24d18a362b65871a857bb5344f,04a9fe28036e9050bd05e3100002c74d9ee9171a4ebbe4272ae22ebcf0d775ab,7f16ecfa3afa44fc4a850a306e40dce9fde72c32f1c21b6f9a3cddd700a4db9d
ZXVAD_C04_MECHANISM_AUDIT_V2_3090_20261009,CF_SHUFFLE_A10_P25_s17,CF_SHUFFLE_A10_P25,17,0,5000,ped1,7056,PSNR_FROZEN,0.7346527384914299,False,False,22ffe2c03ddce3427833e7d19e4d3e6eee7e6f24d18a362b65871a857bb5344f,04a9fe28036e9050bd05e3100002c74d9ee9171a4ebbe4272ae22ebcf0d775ab,7f16ecfa3afa44fc4a850a306e40dce9fde72c32f1c21b6f9a3cddd700a4db9d
ZXVAD_C04_MECHANISM_AUDIT_V2_3090_20261009,CF_SHUFFLE_A10_P25_s17,CF_SHUFFLE_A10_P25,17,0,5000,ped1,7056,FUSION_FROZEN,0.7322482708713457,False,False,22ffe2c03ddce3427833e7d19e4d3e6eee7e6f24d18a362b65871a857bb5344f,04a9fe28036e9050bd05e3100002c74d9ee9171a4ebbe4272ae22ebcf0d775ab,7f16ecfa3afa44fc4a850a306e40dce9fde72c32f1c21b6f9a3cddd700a4db9d
ZXVAD_C04_MECHANISM_AUDIT_V2_3090_20261009,CF_SHUFFLE_A10_P25_s17,CF_SHUFFLE_A10_P25,17,0,5000,ped2,1962,PSNR,0.9066935600317667,True,False,1df1d674f1bc678e2345633181bc3bb42548ca060d5f571800d80ecca2b9da5e,04a9fe28036e9050bd05e3100002c74d9ee9171a4ebbe4272ae22ebcf0d775ab,7f16ecfa3afa44fc4a850a306e40dce9fde72c32f1c21b6f9a3cddd700a4db9d
ZXVAD_C04_MECHANISM_AUDIT_V2_3090_20261009,CF_SHUFFLE_A10_P25_s17,CF_SHUFFLE_A10_P25,17,0,5000,ped2,1962,NC,0.4300420547252906,False,False,1df1d674f1bc678e2345633181bc3bb42548ca060d5f571800d80ecca2b9da5e,04a9fe28036e9050bd05e3100002c74d9ee9171a4ebbe4272ae22ebcf0d775ab,7f16ecfa3afa44fc4a850a306e40dce9fde72c32f1c21b6f9a3cddd700a4db9d
ZXVAD_C04_MECHANISM_AUDIT_V2_3090_20261009,CF_SHUFFLE_A10_P25_s17,CF_SHUFFLE_A10_P25,17,0,5000,ped2,1962,NC_GAP,0.4424139051332034,False,False,1df1d674f1bc678e2345633181bc3bb42548ca060d5f571800d80ecca2b9da5e,04a9fe28036e9050bd05e3100002c74d9ee9171a4ebbe4272ae22ebcf0d775ab,7f16ecfa3afa44fc4a850a306e40dce9fde72c32f1c21b6f9a3cddd700a4db9d
ZXVAD_C04_MECHANISM_AUDIT_V2_3090_20261009,CF_SHUFFLE_A10_P25_s17,CF_SHUFFLE_A10_P25,17,0,5000,ped2,1962,LOCAL,0.8933804418453541,False,False,1df1d674f1bc678e2345633181bc3bb42548ca060d5f571800d80ecca2b9da5e,04a9fe28036e9050bd05e3100002c74d9ee9171a4ebbe4272ae22ebcf0d775ab,7f16ecfa3afa44fc4a850a306e40dce9fde72c32f1c21b6f9a3cddd700a4db9d
ZXVAD_C04_MECHANISM_AUDIT_V2_3090_20261009,CF_SHUFFLE_A10_P25_s17,CF_SHUFFLE_A10_P25,17,0,5000,ped2,1962,FUSION,0.9050339325680457,False,False,1df1d674f1bc678e2345633181bc3bb42548ca060d5f571800d80ecca2b9da5e,04a9fe28036e9050bd05e3100002c74d9ee9171a4ebbe4272ae22ebcf0d775ab,7f16ecfa3afa44fc4a850a306e40dce9fde72c32f1c21b6f9a3cddd700a4db9d
ZXVAD_C04_MECHANISM_AUDIT_V2_3090_20261009,CF_SHUFFLE_A10_P25_s17,CF_SHUFFLE_A10_P25,17,0,5000,ped2,1962,PSNR_FROZEN,0.7723593964334705,False,False,1df1d674f1bc678e2345633181bc3bb42548ca060d5f571800d80ecca2b9da5e,04a9fe28036e9050bd05e3100002c74d9ee9171a4ebbe4272ae22ebcf0d775ab,7f16ecfa3afa44fc4a850a306e40dce9fde72c32f1c21b6f9a3cddd700a4db9d
ZXVAD_C04_MECHANISM_AUDIT_V2_3090_20261009,CF_SHUFFLE_A10_P25_s17,CF_SHUFFLE_A10_P25,17,0,5000,ped2,1962,FUSION_FROZEN,0.7502093711645369,False,False,1df1d674f1bc678e2345633181bc3bb42548ca060d5f571800d80ecca2b9da5e,04a9fe28036e9050bd05e3100002c74d9ee9171a4ebbe4272ae22ebcf0d775ab,7f16ecfa3afa44fc4a850a306e40dce9fde72c32f1c21b6f9a3cddd700a4db9d
ZXVAD_C04_MECHANISM_AUDIT_V2_3090_20261009,CF_SHUFFLE_A10_P25_s17,CF_SHUFFLE_A10_P25,17,0,5000,avenue,15240,PSNR,0.8481816478523584,True,False,d759bf83eab122f2d8cc1f3adf9054daa558b2451b4f7e9bbb64eb7bbcda2915,04a9fe28036e9050bd05e3100002c74d9ee9171a4ebbe4272ae22ebcf0d775ab,7f16ecfa3afa44fc4a850a306e40dce9fde72c32f1c21b6f9a3cddd700a4db9d
ZXVAD_C04_MECHANISM_AUDIT_V2_3090_20261009,CF_SHUFFLE_A10_P25_s17,CF_SHUFFLE_A10_P25,17,0,5000,avenue,15240,NC,0.5880145088762939,False,False,d759bf83eab122f2d8cc1f3adf9054daa558b2451b4f7e9bbb64eb7bbcda2915,04a9fe28036e9050bd05e3100002c74d9ee9171a4ebbe4272ae22ebcf0d775ab,7f16ecfa3afa44fc4a850a306e40dce9fde72c32f1c21b6f9a3cddd700a4db9d
ZXVAD_C04_MECHANISM_AUDIT_V2_3090_20261009,CF_SHUFFLE_A10_P25_s17,CF_SHUFFLE_A10_P25,17,0,5000,avenue,15240,NC_GAP,0.523118366199822,False,False,d759bf83eab122f2d8cc1f3adf9054daa558b2451b4f7e9bbb64eb7bbcda2915,04a9fe28036e9050bd05e3100002c74d9ee9171a4ebbe4272ae22ebcf0d775ab,7f16ecfa3afa44fc4a850a306e40dce9fde72c32f1c21b6f9a3cddd700a4db9d
ZXVAD_C04_MECHANISM_AUDIT_V2_3090_20261009,CF_SHUFFLE_A10_P25_s17,CF_SHUFFLE_A10_P25,17,0,5000,avenue,15240,LOCAL,0.8374454072790295,False,False,d759bf83eab122f2d8cc1f3adf9054daa558b2451b4f7e9bbb64eb7bbcda2915,04a9fe28036e9050bd05e3100002c74d9ee9171a4ebbe4272ae22ebcf0d775ab,7f16ecfa3afa44fc4a850a306e40dce9fde72c32f1c21b6f9a3cddd700a4db9d
ZXVAD_C04_MECHANISM_AUDIT_V2_3090_20261009,CF_SHUFFLE_A10_P25_s17,CF_SHUFFLE_A10_P25,17,0,5000,avenue,15240,FUSION,0.8502114150545693,False,False,d759bf83eab122f2d8cc1f3adf9054daa558b2451b4f7e9bbb64eb7bbcda2915,04a9fe28036e9050bd05e3100002c74d9ee9171a4ebbe4272ae22ebcf0d775ab,7f16ecfa3afa44fc4a850a306e40dce9fde72c32f1c21b6f9a3cddd700a4db9d
ZXVAD_C04_MECHANISM_AUDIT_V2_3090_20261009,CF_SHUFFLE_A10_P25_s17,CF_SHUFFLE_A10_P25,17,0,5000,avenue,15240,PSNR_FROZEN,0.8762981989788748,False,False,d759bf83eab122f2d8cc1f3adf9054daa558b2451b4f7e9bbb64eb7bbcda2915,04a9fe28036e9050bd05e3100002c74d9ee9171a4ebbe4272ae22ebcf0d775ab,7f16ecfa3afa44fc4a850a306e40dce9fde72c32f1c21b6f9a3cddd700a4db9d
ZXVAD_C04_MECHANISM_AUDIT_V2_3090_20261009,CF_SHUFFLE_A10_P25_s17,CF_SHUFFLE_A10_P25,17,0,5000,avenue,15240,FUSION_FROZEN,0.8848083282589349,False,False,d759bf83eab122f2d8cc1f3adf9054daa558b2451b4f7e9bbb64eb7bbcda2915,04a9fe28036e9050bd05e3100002c74d9ee9171a4ebbe4272ae22ebcf0d775ab,7f16ecfa3afa44fc4a850a306e40dce9fde72c32f1c21b6f9a3cddd700a4db9d
ZXVAD_C04_MECHANISM_AUDIT_V2_3090_20261009,CF_PHOTO_A10_P50_s17,CF_PHOTO_A10_P50,17,0,5000,ped1,7056,PSNR,0.749427386002071,True,False,d57503581fb0add7b461d140e966d4e6e0db007354f44855f6ab50df12737670,04a9fe28036e9050bd05e3100002c74d9ee9171a4ebbe4272ae22ebcf0d775ab,ede37071822323cf0884fe25035ff052c32d52c1a5ab41db416dc41ba8fed859
ZXVAD_C04_MECHANISM_AUDIT_V2_3090_20261009,CF_PHOTO_A10_P50_s17,CF_PHOTO_A10_P50,17,0,5000,ped1,7056,NC,0.49827547188668714,False,False,d57503581fb0add7b461d140e966d4e6e0db007354f44855f6ab50df12737670,04a9fe28036e9050bd05e3100002c74d9ee9171a4ebbe4272ae22ebcf0d775ab,ede37071822323cf0884fe25035ff052c32d52c1a5ab41db416dc41ba8fed859
ZXVAD_C04_MECHANISM_AUDIT_V2_3090_20261009,CF_PHOTO_A10_P50_s17,CF_PHOTO_A10_P50,17,0,5000,ped1,7056,NC_GAP,0.5221747709932498,False,False,d57503581fb0add7b461d140e966d4e6e0db007354f44855f6ab50df12737670,04a9fe28036e9050bd05e3100002c74d9ee9171a4ebbe4272ae22ebcf0d775ab,ede37071822323cf0884fe25035ff052c32d52c1a5ab41db416dc41ba8fed859
ZXVAD_C04_MECHANISM_AUDIT_V2_3090_20261009,CF_PHOTO_A10_P50_s17,CF_PHOTO_A10_P50,17,0,5000,ped1,7056,LOCAL,0.7239106593757021,False,False,d57503581fb0add7b461d140e966d4e6e0db007354f44855f6ab50df12737670,04a9fe28036e9050bd05e3100002c74d9ee9171a4ebbe4272ae22ebcf0d775ab,ede37071822323cf0884fe25035ff052c32d52c1a5ab41db416dc41ba8fed859
ZXVAD_C04_MECHANISM_AUDIT_V2_3090_20261009,CF_PHOTO_A10_P50_s17,CF_PHOTO_A10_P50,17,0,5000,ped1,7056,FUSION,0.7484337918361949,False,False,d57503581fb0add7b461d140e966d4e6e0db007354f44855f6ab50df12737670,04a9fe28036e9050bd05e3100002c74d9ee9171a4ebbe4272ae22ebcf0d775ab,ede37071822323cf0884fe25035ff052c32d52c1a5ab41db416dc41ba8fed859
ZXVAD_C04_MECHANISM_AUDIT_V2_3090_20261009,CF_PHOTO_A10_P50_s17,CF_PHOTO_A10_P50,17,0,5000,ped1,7056,PSNR_FROZEN,0.7367286661465534,False,False,d57503581fb0add7b461d140e966d4e6e0db007354f44855f6ab50df12737670,04a9fe28036e9050bd05e3100002c74d9ee9171a4ebbe4272ae22ebcf0d775ab,ede37071822323cf0884fe25035ff052c32d52c1a5ab41db416dc41ba8fed859
ZXVAD_C04_MECHANISM_AUDIT_V2_3090_20261009,CF_PHOTO_A10_P50_s17,CF_PHOTO_A10_P50,17,0,5000,ped1,7056,FUSION_FROZEN,0.7304347171787798,False,False,d57503581fb0add7b461d140e966d4e6e0db007354f44855f6ab50df12737670,04a9fe28036e9050bd05e3100002c74d9ee9171a4ebbe4272ae22ebcf0d775ab,ede37071822323cf0884fe25035ff052c32d52c1a5ab41db416dc41ba8fed859
ZXVAD_C04_MECHANISM_AUDIT_V2_3090_20261009,CF_PHOTO_A10_P50_s17,CF_PHOTO_A10_P50,17,0,5000,ped2,1962,PSNR,0.9099000072196953,True,False,d2701fc6d7cce20e712cbc9e44f2bc40bd25cb20b035eddb0b66b63116f89de8,04a9fe28036e9050bd05e3100002c74d9ee9171a4ebbe4272ae22ebcf0d775ab,ede37071822323cf0884fe25035ff052c32d52c1a5ab41db416dc41ba8fed859
ZXVAD_C04_MECHANISM_AUDIT_V2_3090_20261009,CF_PHOTO_A10_P50_s17,CF_PHOTO_A10_P50,17,0,5000,ped2,1962,NC,0.5430537506317233,False,False,d2701fc6d7cce20e712cbc9e44f2bc40bd25cb20b035eddb0b66b63116f89de8,04a9fe28036e9050bd05e3100002c74d9ee9171a4ebbe4272ae22ebcf0d775ab,ede37071822323cf0884fe25035ff052c32d52c1a5ab41db416dc41ba8fed859
ZXVAD_C04_MECHANISM_AUDIT_V2_3090_20261009,CF_PHOTO_A10_P50_s17,CF_PHOTO_A10_P50,17,0,5000,ped2,1962,NC_GAP,0.518472492960797,False,False,d2701fc6d7cce20e712cbc9e44f2bc40bd25cb20b035eddb0b66b63116f89de8,04a9fe28036e9050bd05e3100002c74d9ee9171a4ebbe4272ae22ebcf0d775ab,ede37071822323cf0884fe25035ff052c32d52c1a5ab41db416dc41ba8fed859
ZXVAD_C04_MECHANISM_AUDIT_V2_3090_20261009,CF_PHOTO_A10_P50_s17,CF_PHOTO_A10_P50,17,0,5000,ped2,1962,LOCAL,0.8974839361778932,False,False,d2701fc6d7cce20e712cbc9e44f2bc40bd25cb20b035eddb0b66b63116f89de8,04a9fe28036e9050bd05e3100002c74d9ee9171a4ebbe4272ae22ebcf0d775ab,ede37071822323cf0884fe25035ff052c32d52c1a5ab41db416dc41ba8fed859
ZXVAD_C04_MECHANISM_AUDIT_V2_3090_20261009,CF_PHOTO_A10_P50_s17,CF_PHOTO_A10_P50,17,0,5000,ped2,1962,FUSION,0.9082918200851924,False,False,d2701fc6d7cce20e712cbc9e44f2bc40bd25cb20b035eddb0b66b63116f89de8,04a9fe28036e9050bd05e3100002c74d9ee9171a4ebbe4272ae22ebcf0d775ab,ede37071822323cf0884fe25035ff052c32d52c1a5ab41db416dc41ba8fed859
ZXVAD_C04_MECHANISM_AUDIT_V2_3090_20261009,CF_PHOTO_A10_P50_s17,CF_PHOTO_A10_P50,17,0,5000,ped2,1962,PSNR_FROZEN,0.788813984549852,False,False,d2701fc6d7cce20e712cbc9e44f2bc40bd25cb20b035eddb0b66b63116f89de8,04a9fe28036e9050bd05e3100002c74d9ee9171a4ebbe4272ae22ebcf0d775ab,ede37071822323cf0884fe25035ff052c32d52c1a5ab41db416dc41ba8fed859
ZXVAD_C04_MECHANISM_AUDIT_V2_3090_20261009,CF_PHOTO_A10_P50_s17,CF_PHOTO_A10_P50,17,0,5000,ped2,1962,FUSION_FROZEN,0.7591365244386686,False,False,d2701fc6d7cce20e712cbc9e44f2bc40bd25cb20b035eddb0b66b63116f89de8,04a9fe28036e9050bd05e3100002c74d9ee9171a4ebbe4272ae22ebcf0d775ab,ede37071822323cf0884fe25035ff052c32d52c1a5ab41db416dc41ba8fed859
ZXVAD_C04_MECHANISM_AUDIT_V2_3090_20261009,CF_PHOTO_A10_P50_s17,CF_PHOTO_A10_P50,17,0,5000,avenue,15240,PSNR,0.8455121785563726,True,False,1e4b17b963fa8d9cb39dee6fec361138c0c8cd6bc2962c480b810bade27ba550,04a9fe28036e9050bd05e3100002c74d9ee9171a4ebbe4272ae22ebcf0d775ab,ede37071822323cf0884fe25035ff052c32d52c1a5ab41db416dc41ba8fed859
ZXVAD_C04_MECHANISM_AUDIT_V2_3090_20261009,CF_PHOTO_A10_P50_s17,CF_PHOTO_A10_P50,17,0,5000,avenue,15240,NC,0.6073702515340297,False,False,1e4b17b963fa8d9cb39dee6fec361138c0c8cd6bc2962c480b810bade27ba550,04a9fe28036e9050bd05e3100002c74d9ee9171a4ebbe4272ae22ebcf0d775ab,ede37071822323cf0884fe25035ff052c32d52c1a5ab41db416dc41ba8fed859
ZXVAD_C04_MECHANISM_AUDIT_V2_3090_20261009,CF_PHOTO_A10_P50_s17,CF_PHOTO_A10_P50,17,0,5000,avenue,15240,NC_GAP,0.5103012201976673,False,False,1e4b17b963fa8d9cb39dee6fec361138c0c8cd6bc2962c480b810bade27ba550,04a9fe28036e9050bd05e3100002c74d9ee9171a4ebbe4272ae22ebcf0d775ab,ede37071822323cf0884fe25035ff052c32d52c1a5ab41db416dc41ba8fed859
ZXVAD_C04_MECHANISM_AUDIT_V2_3090_20261009,CF_PHOTO_A10_P50_s17,CF_PHOTO_A10_P50,17,0,5000,avenue,15240,LOCAL,0.8356214108389152,False,False,1e4b17b963fa8d9cb39dee6fec361138c0c8cd6bc2962c480b810bade27ba550,04a9fe28036e9050bd05e3100002c74d9ee9171a4ebbe4272ae22ebcf0d775ab,ede37071822323cf0884fe25035ff052c32d52c1a5ab41db416dc41ba8fed859
ZXVAD_C04_MECHANISM_AUDIT_V2_3090_20261009,CF_PHOTO_A10_P50_s17,CF_PHOTO_A10_P50,17,0,5000,avenue,15240,FUSION,0.8487201742470374,False,False,1e4b17b963fa8d9cb39dee6fec361138c0c8cd6bc2962c480b810bade27ba550,04a9fe28036e9050bd05e3100002c74d9ee9171a4ebbe4272ae22ebcf0d775ab,ede37071822323cf0884fe25035ff052c32d52c1a5ab41db416dc41ba8fed859
ZXVAD_C04_MECHANISM_AUDIT_V2_3090_20261009,CF_PHOTO_A10_P50_s17,CF_PHOTO_A10_P50,17,0,5000,avenue,15240,PSNR_FROZEN,0.8589304768373226,False,False,1e4b17b963fa8d9cb39dee6fec361138c0c8cd6bc2962c480b810bade27ba550,04a9fe28036e9050bd05e3100002c74d9ee9171a4ebbe4272ae22ebcf0d775ab,ede37071822323cf0884fe25035ff052c32d52c1a5ab41db416dc41ba8fed859
ZXVAD_C04_MECHANISM_AUDIT_V2_3090_20261009,CF_PHOTO_A10_P50_s17,CF_PHOTO_A10_P50,17,0,5000,avenue,15240,FUSION_FROZEN,0.887983629209799,False,False,1e4b17b963fa8d9cb39dee6fec361138c0c8cd6bc2962c480b810bade27ba550,04a9fe28036e9050bd05e3100002c74d9ee9171a4ebbe4272ae22ebcf0d775ab,ede37071822323cf0884fe25035ff052c32d52c1a5ab41db416dc41ba8fed859
ZXVAD_C04_MECHANISM_AUDIT_V2_3090_20261009,CF_NOISE_A10_P50_s17,CF_NOISE_A10_P50,17,0,5000,ped1,7056,PSNR,0.7428317642285326,True,False,5d1cb8cb8a640093cf53fa1de2be302d15adbd6b8b4408ff155c8aa67e14f54c,04a9fe28036e9050bd05e3100002c74d9ee9171a4ebbe4272ae22ebcf0d775ab,ddfe0299a8589607aebfc6ad13d54c0129a559a01e0a5d4c071c06118e71b3fa
ZXVAD_C04_MECHANISM_AUDIT_V2_3090_20261009,CF_NOISE_A10_P50_s17,CF_NOISE_A10_P50,17,0,5000,ped1,7056,NC,0.42985160576872666,False,False,5d1cb8cb8a640093cf53fa1de2be302d15adbd6b8b4408ff155c8aa67e14f54c,04a9fe28036e9050bd05e3100002c74d9ee9171a4ebbe4272ae22ebcf0d775ab,ddfe0299a8589607aebfc6ad13d54c0129a559a01e0a5d4c071c06118e71b3fa
ZXVAD_C04_MECHANISM_AUDIT_V2_3090_20261009,CF_NOISE_A10_P50_s17,CF_NOISE_A10_P50,17,0,5000,ped1,7056,NC_GAP,0.5162933985386065,False,False,5d1cb8cb8a640093cf53fa1de2be302d15adbd6b8b4408ff155c8aa67e14f54c,04a9fe28036e9050bd05e3100002c74d9ee9171a4ebbe4272ae22ebcf0d775ab,ddfe0299a8589607aebfc6ad13d54c0129a559a01e0a5d4c071c06118e71b3fa
ZXVAD_C04_MECHANISM_AUDIT_V2_3090_20261009,CF_NOISE_A10_P50_s17,CF_NOISE_A10_P50,17,0,5000,ped1,7056,LOCAL,0.7173408006315295,False,False,5d1cb8cb8a640093cf53fa1de2be302d15adbd6b8b4408ff155c8aa67e14f54c,04a9fe28036e9050bd05e3100002c74d9ee9171a4ebbe4272ae22ebcf0d775ab,ddfe0299a8589607aebfc6ad13d54c0129a559a01e0a5d4c071c06118e71b3fa
ZXVAD_C04_MECHANISM_AUDIT_V2_3090_20261009,CF_NOISE_A10_P50_s17,CF_NOISE_A10_P50,17,0,5000,ped1,7056,FUSION,0.7440688803624621,False,False,5d1cb8cb8a640093cf53fa1de2be302d15adbd6b8b4408ff155c8aa67e14f54c,04a9fe28036e9050bd05e3100002c74d9ee9171a4ebbe4272ae22ebcf0d775ab,ddfe0299a8589607aebfc6ad13d54c0129a559a01e0a5d4c071c06118e71b3fa
ZXVAD_C04_MECHANISM_AUDIT_V2_3090_20261009,CF_NOISE_A10_P50_s17,CF_NOISE_A10_P50,17,0,5000,ped1,7056,PSNR_FROZEN,0.7217636175807893,False,False,5d1cb8cb8a640093cf53fa1de2be302d15adbd6b8b4408ff155c8aa67e14f54c,04a9fe28036e9050bd05e3100002c74d9ee9171a4ebbe4272ae22ebcf0d775ab,ddfe0299a8589607aebfc6ad13d54c0129a559a01e0a5d4c071c06118e71b3fa
ZXVAD_C04_MECHANISM_AUDIT_V2_3090_20261009,CF_NOISE_A10_P50_s17,CF_NOISE_A10_P50,17,0,5000,ped1,7056,FUSION_FROZEN,0.7201247617635423,False,False,5d1cb8cb8a640093cf53fa1de2be302d15adbd6b8b4408ff155c8aa67e14f54c,04a9fe28036e9050bd05e3100002c74d9ee9171a4ebbe4272ae22ebcf0d775ab,ddfe0299a8589607aebfc6ad13d54c0129a559a01e0a5d4c071c06118e71b3fa
ZXVAD_C04_MECHANISM_AUDIT_V2_3090_20261009,CF_NOISE_A10_P50_s17,CF_NOISE_A10_P50,17,0,5000,ped2,1962,PSNR,0.8845128510576854,True,False,e2355799415ddfb25a00b5aae9ae9d415dc4895ee00ff729f231228b9e83d3f4,04a9fe28036e9050bd05e3100002c74d9ee9171a4ebbe4272ae22ebcf0d775ab,ddfe0299a8589607aebfc6ad13d54c0129a559a01e0a5d4c071c06118e71b3fa
ZXVAD_C04_MECHANISM_AUDIT_V2_3090_20261009,CF_NOISE_A10_P50_s17,CF_NOISE_A10_P50,17,0,5000,ped2,1962,NC,0.45073099415204676,False,False,e2355799415ddfb25a00b5aae9ae9d415dc4895ee00ff729f231228b9e83d3f4,04a9fe28036e9050bd05e3100002c74d9ee9171a4ebbe4272ae22ebcf0d775ab,ddfe0299a8589607aebfc6ad13d54c0129a559a01e0a5d4c071c06118e71b3fa
ZXVAD_C04_MECHANISM_AUDIT_V2_3090_20261009,CF_NOISE_A10_P50_s17,CF_NOISE_A10_P50,17,0,5000,ped2,1962,NC_GAP,0.47736535268211683,False,False,e2355799415ddfb25a00b5aae9ae9d415dc4895ee00ff729f231228b9e83d3f4,04a9fe28036e9050bd05e3100002c74d9ee9171a4ebbe4272ae22ebcf0d775ab,ddfe0299a8589607aebfc6ad13d54c0129a559a01e0a5d4c071c06118e71b3fa
ZXVAD_C04_MECHANISM_AUDIT_V2_3090_20261009,CF_NOISE_A10_P50_s17,CF_NOISE_A10_P50,17,0,5000,ped2,1962,LOCAL,0.8642191899501841,False,False,e2355799415ddfb25a00b5aae9ae9d415dc4895ee00ff729f231228b9e83d3f4,04a9fe28036e9050bd05e3100002c74d9ee9171a4ebbe4272ae22ebcf0d775ab,ddfe0299a8589607aebfc6ad13d54c0129a559a01e0a5d4c071c06118e71b3fa
ZXVAD_C04_MECHANISM_AUDIT_V2_3090_20261009,CF_NOISE_A10_P50_s17,CF_NOISE_A10_P50,17,0,5000,ped2,1962,FUSION,0.8902561186917912,False,False,e2355799415ddfb25a00b5aae9ae9d415dc4895ee00ff729f231228b9e83d3f4,04a9fe28036e9050bd05e3100002c74d9ee9171a4ebbe4272ae22ebcf0d775ab,ddfe0299a8589607aebfc6ad13d54c0129a559a01e0a5d4c071c06118e71b3fa
ZXVAD_C04_MECHANISM_AUDIT_V2_3090_20261009,CF_NOISE_A10_P50_s17,CF_NOISE_A10_P50,17,0,5000,ped2,1962,PSNR_FROZEN,0.7367554689192116,False,False,e2355799415ddfb25a00b5aae9ae9d415dc4895ee00ff729f231228b9e83d3f4,04a9fe28036e9050bd05e3100002c74d9ee9171a4ebbe4272ae22ebcf0d775ab,ddfe0299a8589607aebfc6ad13d54c0129a559a01e0a5d4c071c06118e71b3fa
ZXVAD_C04_MECHANISM_AUDIT_V2_3090_20261009,CF_NOISE_A10_P50_s17,CF_NOISE_A10_P50,17,0,5000,ped2,1962,FUSION_FROZEN,0.7224893509493899,False,False,e2355799415ddfb25a00b5aae9ae9d415dc4895ee00ff729f231228b9e83d3f4,04a9fe28036e9050bd05e3100002c74d9ee9171a4ebbe4272ae22ebcf0d775ab,ddfe0299a8589607aebfc6ad13d54c0129a559a01e0a5d4c071c06118e71b3fa
ZXVAD_C04_MECHANISM_AUDIT_V2_3090_20261009,CF_NOISE_A10_P50_s17,CF_NOISE_A10_P50,17,0,5000,avenue,15240,PSNR,0.8446777483722891,True,False,0b9c972c108985f980c807b4ee67c81c13f091a634ec521382a3b4e766d77d9c,04a9fe28036e9050bd05e3100002c74d9ee9171a4ebbe4272ae22ebcf0d775ab,ddfe0299a8589607aebfc6ad13d54c0129a559a01e0a5d4c071c06118e71b3fa
ZXVAD_C04_MECHANISM_AUDIT_V2_3090_20261009,CF_NOISE_A10_P50_s17,CF_NOISE_A10_P50,17,0,5000,avenue,15240,NC,0.6122760902149984,False,False,0b9c972c108985f980c807b4ee67c81c13f091a634ec521382a3b4e766d77d9c,04a9fe28036e9050bd05e3100002c74d9ee9171a4ebbe4272ae22ebcf0d775ab,ddfe0299a8589607aebfc6ad13d54c0129a559a01e0a5d4c071c06118e71b3fa
ZXVAD_C04_MECHANISM_AUDIT_V2_3090_20261009,CF_NOISE_A10_P50_s17,CF_NOISE_A10_P50,17,0,5000,avenue,15240,NC_GAP,0.5621987680921823,False,False,0b9c972c108985f980c807b4ee67c81c13f091a634ec521382a3b4e766d77d9c,04a9fe28036e9050bd05e3100002c74d9ee9171a4ebbe4272ae22ebcf0d775ab,ddfe0299a8589607aebfc6ad13d54c0129a559a01e0a5d4c071c06118e71b3fa
ZXVAD_C04_MECHANISM_AUDIT_V2_3090_20261009,CF_NOISE_A10_P50_s17,CF_NOISE_A10_P50,17,0,5000,avenue,15240,LOCAL,0.837879479132512,False,False,0b9c972c108985f980c807b4ee67c81c13f091a634ec521382a3b4e766d77d9c,04a9fe28036e9050bd05e3100002c74d9ee9171a4ebbe4272ae22ebcf0d775ab,ddfe0299a8589607aebfc6ad13d54c0129a559a01e0a5d4c071c06118e71b3fa
ZXVAD_C04_MECHANISM_AUDIT_V2_3090_20261009,CF_NOISE_A10_P50_s17,CF_NOISE_A10_P50,17,0,5000,avenue,15240,FUSION,0.8492450231860977,False,False,0b9c972c108985f980c807b4ee67c81c13f091a634ec521382a3b4e766d77d9c,04a9fe28036e9050bd05e3100002c74d9ee9171a4ebbe4272ae22ebcf0d775ab,ddfe0299a8589607aebfc6ad13d54c0129a559a01e0a5d4c071c06118e71b3fa
ZXVAD_C04_MECHANISM_AUDIT_V2_3090_20261009,CF_NOISE_A10_P50_s17,CF_NOISE_A10_P50,17,0,5000,avenue,15240,PSNR_FROZEN,0.8664236615298141,False,False,0b9c972c108985f980c807b4ee67c81c13f091a634ec521382a3b4e766d77d9c,04a9fe28036e9050bd05e3100002c74d9ee9171a4ebbe4272ae22ebcf0d775ab,ddfe0299a8589607aebfc6ad13d54c0129a559a01e0a5d4c071c06118e71b3fa
ZXVAD_C04_MECHANISM_AUDIT_V2_3090_20261009,CF_NOISE_A10_P50_s17,CF_NOISE_A10_P50,17,0,5000,avenue,15240,FUSION_FROZEN,0.8805868893156588,False,False,0b9c972c108985f980c807b4ee67c81c13f091a634ec521382a3b4e766d77d9c,04a9fe28036e9050bd05e3100002c74d9ee9171a4ebbe4272ae22ebcf0d775ab,ddfe0299a8589607aebfc6ad13d54c0129a559a01e0a5d4c071c06118e71b3fa
ZXVAD_C04_MECHANISM_AUDIT_V2_3090_20261009,CF_SELF_A10_P50_s17,CF_SELF_A10_P50,17,0,5000,ped1,7056,PSNR,0.7798296826575473,True,False,ac50307cb0d0d26aa8f751a46822271cb041b70752bfeb4cc31d834d6e44cc0d,04a9fe28036e9050bd05e3100002c74d9ee9171a4ebbe4272ae22ebcf0d775ab,e30f5bd59b5c1b51809e1ece9f2f20efd0d8ea611e5e0572ad61bf1207342263
ZXVAD_C04_MECHANISM_AUDIT_V2_3090_20261009,CF_SELF_A10_P50_s17,CF_SELF_A10_P50,17,0,5000,ped1,7056,NC,0.4919472948941847,False,False,ac50307cb0d0d26aa8f751a46822271cb041b70752bfeb4cc31d834d6e44cc0d,04a9fe28036e9050bd05e3100002c74d9ee9171a4ebbe4272ae22ebcf0d775ab,e30f5bd59b5c1b51809e1ece9f2f20efd0d8ea611e5e0572ad61bf1207342263
ZXVAD_C04_MECHANISM_AUDIT_V2_3090_20261009,CF_SELF_A10_P50_s17,CF_SELF_A10_P50,17,0,5000,ped1,7056,NC_GAP,0.44085164232769214,False,False,ac50307cb0d0d26aa8f751a46822271cb041b70752bfeb4cc31d834d6e44cc0d,04a9fe28036e9050bd05e3100002c74d9ee9171a4ebbe4272ae22ebcf0d775ab,e30f5bd59b5c1b51809e1ece9f2f20efd0d8ea611e5e0572ad61bf1207342263
ZXVAD_C04_MECHANISM_AUDIT_V2_3090_20261009,CF_SELF_A10_P50_s17,CF_SELF_A10_P50,17,0,5000,ped1,7056,LOCAL,0.7591668743384933,False,False,ac50307cb0d0d26aa8f751a46822271cb041b70752bfeb4cc31d834d6e44cc0d,04a9fe28036e9050bd05e3100002c74d9ee9171a4ebbe4272ae22ebcf0d775ab,e30f5bd59b5c1b51809e1ece9f2f20efd0d8ea611e5e0572ad61bf1207342263
ZXVAD_C04_MECHANISM_AUDIT_V2_3090_20261009,CF_SELF_A10_P50_s17,CF_SELF_A10_P50,17,0,5000,ped1,7056,FUSION,0.7796851234372166,False,False,ac50307cb0d0d26aa8f751a46822271cb041b70752bfeb4cc31d834d6e44cc0d,04a9fe28036e9050bd05e3100002c74d9ee9171a4ebbe4272ae22ebcf0d775ab,e30f5bd59b5c1b51809e1ece9f2f20efd0d8ea611e5e0572ad61bf1207342263
ZXVAD_C04_MECHANISM_AUDIT_V2_3090_20261009,CF_SELF_A10_P50_s17,CF_SELF_A10_P50,17,0,5000,ped1,7056,PSNR_FROZEN,0.7479002926598348,False,False,ac50307cb0d0d26aa8f751a46822271cb041b70752bfeb4cc31d834d6e44cc0d,04a9fe28036e9050bd05e3100002c74d9ee9171a4ebbe4272ae22ebcf0d775ab,e30f5bd59b5c1b51809e1ece9f2f20efd0d8ea611e5e0572ad61bf1207342263
ZXVAD_C04_MECHANISM_AUDIT_V2_3090_20261009,CF_SELF_A10_P50_s17,CF_SELF_A10_P50,17,0,5000,ped1,7056,FUSION_FROZEN,0.7505447653899954,False,False,ac50307cb0d0d26aa8f751a46822271cb041b70752bfeb4cc31d834d6e44cc0d,04a9fe28036e9050bd05e3100002c74d9ee9171a4ebbe4272ae22ebcf0d775ab,e30f5bd59b5c1b51809e1ece9f2f20efd0d8ea611e5e0572ad61bf1207342263
ZXVAD_C04_MECHANISM_AUDIT_V2_3090_20261009,CF_SELF_A10_P50_s17,CF_SELF_A10_P50,17,0,5000,ped2,1962,PSNR,0.9132743123240199,True,False,b108c939a8484b19c18de889d93f009a5da37dcecdd8df5ef91288ae168294a0,04a9fe28036e9050bd05e3100002c74d9ee9171a4ebbe4272ae22ebcf0d775ab,e30f5bd59b5c1b51809e1ece9f2f20efd0d8ea611e5e0572ad61bf1207342263
ZXVAD_C04_MECHANISM_AUDIT_V2_3090_20261009,CF_SELF_A10_P50_s17,CF_SELF_A10_P50,17,0,5000,ped2,1962,NC,0.535132842394051,False,False,b108c939a8484b19c18de889d93f009a5da37dcecdd8df5ef91288ae168294a0,04a9fe28036e9050bd05e3100002c74d9ee9171a4ebbe4272ae22ebcf0d775ab,e30f5bd59b5c1b51809e1ece9f2f20efd0d8ea611e5e0572ad61bf1207342263
ZXVAD_C04_MECHANISM_AUDIT_V2_3090_20261009,CF_SELF_A10_P50_s17,CF_SELF_A10_P50,17,0,5000,ped2,1962,NC_GAP,0.5220444372247491,False,False,b108c939a8484b19c18de889d93f009a5da37dcecdd8df5ef91288ae168294a0,04a9fe28036e9050bd05e3100002c74d9ee9171a4ebbe4272ae22ebcf0d775ab,e30f5bd59b5c1b51809e1ece9f2f20efd0d8ea611e5e0572ad61bf1207342263
ZXVAD_C04_MECHANISM_AUDIT_V2_3090_20261009,CF_SELF_A10_P50_s17,CF_SELF_A10_P50,17,0,5000,ped2,1962,LOCAL,0.9082223305176521,False,False,b108c939a8484b19c18de889d93f009a5da37dcecdd8df5ef91288ae168294a0,04a9fe28036e9050bd05e3100002c74d9ee9171a4ebbe4272ae22ebcf0d775ab,e30f5bd59b5c1b51809e1ece9f2f20efd0d8ea611e5e0572ad61bf1207342263
ZXVAD_C04_MECHANISM_AUDIT_V2_3090_20261009,CF_SELF_A10_P50_s17,CF_SELF_A10_P50,17,0,5000,ped2,1962,FUSION,0.867376904194643,False,False,b108c939a8484b19c18de889d93f009a5da37dcecdd8df5ef91288ae168294a0,04a9fe28036e9050bd05e3100002c74d9ee9171a4ebbe4272ae22ebcf0d775ab,e30f5bd59b5c1b51809e1ece9f2f20efd0d8ea611e5e0572ad61bf1207342263
ZXVAD_C04_MECHANISM_AUDIT_V2_3090_20261009,CF_SELF_A10_P50_s17,CF_SELF_A10_P50,17,0,5000,ped2,1962,PSNR_FROZEN,0.8014719153851707,False,False,b108c939a8484b19c18de889d93f009a5da37dcecdd8df5ef91288ae168294a0,04a9fe28036e9050bd05e3100002c74d9ee9171a4ebbe4272ae22ebcf0d775ab,e30f5bd59b5c1b51809e1ece9f2f20efd0d8ea611e5e0572ad61bf1207342263
ZXVAD_C04_MECHANISM_AUDIT_V2_3090_20261009,CF_SELF_A10_P50_s17,CF_SELF_A10_P50,17,0,5000,ped2,1962,FUSION_FROZEN,0.7618330806439968,False,False,b108c939a8484b19c18de889d93f009a5da37dcecdd8df5ef91288ae168294a0,04a9fe28036e9050bd05e3100002c74d9ee9171a4ebbe4272ae22ebcf0d775ab,e30f5bd59b5c1b51809e1ece9f2f20efd0d8ea611e5e0572ad61bf1207342263
ZXVAD_C04_MECHANISM_AUDIT_V2_3090_20261009,CF_SELF_A10_P50_s17,CF_SELF_A10_P50,17,0,5000,avenue,15240,PSNR,0.8391333551922807,True,False,093905e1a56388e575e36b88fbe7c9dedb2f4aa6cd824eba08c6cef0b342eac1,04a9fe28036e9050bd05e3100002c74d9ee9171a4ebbe4272ae22ebcf0d775ab,e30f5bd59b5c1b51809e1ece9f2f20efd0d8ea611e5e0572ad61bf1207342263
ZXVAD_C04_MECHANISM_AUDIT_V2_3090_20261009,CF_SELF_A10_P50_s17,CF_SELF_A10_P50,17,0,5000,avenue,15240,NC,0.5326495151997752,False,False,093905e1a56388e575e36b88fbe7c9dedb2f4aa6cd824eba08c6cef0b342eac1,04a9fe28036e9050bd05e3100002c74d9ee9171a4ebbe4272ae22ebcf0d775ab,e30f5bd59b5c1b51809e1ece9f2f20efd0d8ea611e5e0572ad61bf1207342263
ZXVAD_C04_MECHANISM_AUDIT_V2_3090_20261009,CF_SELF_A10_P50_s17,CF_SELF_A10_P50,17,0,5000,avenue,15240,NC_GAP,0.444102124221275,False,False,093905e1a56388e575e36b88fbe7c9dedb2f4aa6cd824eba08c6cef0b342eac1,04a9fe28036e9050bd05e3100002c74d9ee9171a4ebbe4272ae22ebcf0d775ab,e30f5bd59b5c1b51809e1ece9f2f20efd0d8ea611e5e0572ad61bf1207342263
ZXVAD_C04_MECHANISM_AUDIT_V2_3090_20261009,CF_SELF_A10_P50_s17,CF_SELF_A10_P50,17,0,5000,avenue,15240,LOCAL,0.8284682420722282,False,False,093905e1a56388e575e36b88fbe7c9dedb2f4aa6cd824eba08c6cef0b342eac1,04a9fe28036e9050bd05e3100002c74d9ee9171a4ebbe4272ae22ebcf0d775ab,e30f5bd59b5c1b51809e1ece9f2f20efd0d8ea611e5e0572ad61bf1207342263
ZXVAD_C04_MECHANISM_AUDIT_V2_3090_20261009,CF_SELF_A10_P50_s17,CF_SELF_A10_P50,17,0,5000,avenue,15240,FUSION,0.815596374537449,False,False,093905e1a56388e575e36b88fbe7c9dedb2f4aa6cd824eba08c6cef0b342eac1,04a9fe28036e9050bd05e3100002c74d9ee9171a4ebbe4272ae22ebcf0d775ab,e30f5bd59b5c1b51809e1ece9f2f20efd0d8ea611e5e0572ad61bf1207342263
ZXVAD_C04_MECHANISM_AUDIT_V2_3090_20261009,CF_SELF_A10_P50_s17,CF_SELF_A10_P50,17,0,5000,avenue,15240,PSNR_FROZEN,0.865940067450466,False,False,093905e1a56388e575e36b88fbe7c9dedb2f4aa6cd824eba08c6cef0b342eac1,04a9fe28036e9050bd05e3100002c74d9ee9171a4ebbe4272ae22ebcf0d775ab,e30f5bd59b5c1b51809e1ece9f2f20efd0d8ea611e5e0572ad61bf1207342263
ZXVAD_C04_MECHANISM_AUDIT_V2_3090_20261009,CF_SELF_A10_P50_s17,CF_SELF_A10_P50,17,0,5000,avenue,15240,FUSION_FROZEN,0.8166952784673756,False,False,093905e1a56388e575e36b88fbe7c9dedb2f4aa6cd824eba08c6cef0b342eac1,04a9fe28036e9050bd05e3100002c74d9ee9171a4ebbe4272ae22ebcf0d775ab,e30f5bd59b5c1b51809e1ece9f2f20efd0d8ea611e5e0572ad61bf1207342263
ZXVAD_C04_MECHANISM_AUDIT_V2_3090_20261009,CF_STATIC_A10_P50_s17,CF_STATIC_A10_P50,17,0,5000,ped1,7056,PSNR,0.7414048604449415,True,False,dbc402d21ad07f4d9810a5c79088d841ca79a9fb31eaf4bcbd6481f8bb6ae864,04a9fe28036e9050bd05e3100002c74d9ee9171a4ebbe4272ae22ebcf0d775ab,ef71ed11104b1fef69cd3e7d9def98102174d284d0ec2bafb7eedcbb22801dde
ZXVAD_C04_MECHANISM_AUDIT_V2_3090_20261009,CF_STATIC_A10_P50_s17,CF_STATIC_A10_P50,17,0,5000,ped1,7056,NC,0.43362229092545135,False,False,dbc402d21ad07f4d9810a5c79088d841ca79a9fb31eaf4bcbd6481f8bb6ae864,04a9fe28036e9050bd05e3100002c74d9ee9171a4ebbe4272ae22ebcf0d775ab,ef71ed11104b1fef69cd3e7d9def98102174d284d0ec2bafb7eedcbb22801dde
ZXVAD_C04_MECHANISM_AUDIT_V2_3090_20261009,CF_STATIC_A10_P50_s17,CF_STATIC_A10_P50,17,0,5000,ped1,7056,NC_GAP,0.5059452893036891,False,False,dbc402d21ad07f4d9810a5c79088d841ca79a9fb31eaf4bcbd6481f8bb6ae864,04a9fe28036e9050bd05e3100002c74d9ee9171a4ebbe4272ae22ebcf0d775ab,ef71ed11104b1fef69cd3e7d9def98102174d284d0ec2bafb7eedcbb22801dde
ZXVAD_C04_MECHANISM_AUDIT_V2_3090_20261009,CF_STATIC_A10_P50_s17,CF_STATIC_A10_P50,17,0,5000,ped1,7056,LOCAL,0.7156435486143866,False,False,dbc402d21ad07f4d9810a5c79088d841ca79a9fb31eaf4bcbd6481f8bb6ae864,04a9fe28036e9050bd05e3100002c74d9ee9171a4ebbe4272ae22ebcf0d775ab,ef71ed11104b1fef69cd3e7d9def98102174d284d0ec2bafb7eedcbb22801dde
ZXVAD_C04_MECHANISM_AUDIT_V2_3090_20261009,CF_STATIC_A10_P50_s17,CF_STATIC_A10_P50,17,0,5000,ped1,7056,FUSION,0.7443823305530799,False,False,dbc402d21ad07f4d9810a5c79088d841ca79a9fb31eaf4bcbd6481f8bb6ae864,04a9fe28036e9050bd05e3100002c74d9ee9171a4ebbe4272ae22ebcf0d775ab,ef71ed11104b1fef69cd3e7d9def98102174d284d0ec2bafb7eedcbb22801dde
ZXVAD_C04_MECHANISM_AUDIT_V2_3090_20261009,CF_STATIC_A10_P50_s17,CF_STATIC_A10_P50,17,0,5000,ped1,7056,PSNR_FROZEN,0.7343540918192731,False,False,dbc402d21ad07f4d9810a5c79088d841ca79a9fb31eaf4bcbd6481f8bb6ae864,04a9fe28036e9050bd05e3100002c74d9ee9171a4ebbe4272ae22ebcf0d775ab,ef71ed11104b1fef69cd3e7d9def98102174d284d0ec2bafb7eedcbb22801dde
ZXVAD_C04_MECHANISM_AUDIT_V2_3090_20261009,CF_STATIC_A10_P50_s17,CF_STATIC_A10_P50,17,0,5000,ped1,7056,FUSION_FROZEN,0.7341182578663321,False,False,dbc402d21ad07f4d9810a5c79088d841ca79a9fb31eaf4bcbd6481f8bb6ae864,04a9fe28036e9050bd05e3100002c74d9ee9171a4ebbe4272ae22ebcf0d775ab,ef71ed11104b1fef69cd3e7d9def98102174d284d0ec2bafb7eedcbb22801dde
ZXVAD_C04_MECHANISM_AUDIT_V2_3090_20261009,CF_STATIC_A10_P50_s17,CF_STATIC_A10_P50,17,0,5000,ped2,1962,PSNR,0.8880107934445166,True,False,05e98c3bed2c0876a6316886d6479d1e8e32076037c03aa6c9bb34a18329ec11,04a9fe28036e9050bd05e3100002c74d9ee9171a4ebbe4272ae22ebcf0d775ab,ef71ed11104b1fef69cd3e7d9def98102174d284d0ec2bafb7eedcbb22801dde
ZXVAD_C04_MECHANISM_AUDIT_V2_3090_20261009,CF_STATIC_A10_P50_s17,CF_STATIC_A10_P50,17,0,5000,ped2,1962,NC,0.5013121796260198,False,False,05e98c3bed2c0876a6316886d6479d1e8e32076037c03aa6c9bb34a18329ec11,04a9fe28036e9050bd05e3100002c74d9ee9171a4ebbe4272ae22ebcf0d775ab,ef71ed11104b1fef69cd3e7d9def98102174d284d0ec2bafb7eedcbb22801dde
ZXVAD_C04_MECHANISM_AUDIT_V2_3090_20261009,CF_STATIC_A10_P50_s17,CF_STATIC_A10_P50,17,0,5000,ped2,1962,NC_GAP,0.4724442278535846,False,False,05e98c3bed2c0876a6316886d6479d1e8e32076037c03aa6c9bb34a18329ec11,04a9fe28036e9050bd05e3100002c74d9ee9171a4ebbe4272ae22ebcf0d775ab,ef71ed11104b1fef69cd3e7d9def98102174d284d0ec2bafb7eedcbb22801dde
ZXVAD_C04_MECHANISM_AUDIT_V2_3090_20261009,CF_STATIC_A10_P50_s17,CF_STATIC_A10_P50,17,0,5000,ped2,1962,LOCAL,0.8609531802757924,False,False,05e98c3bed2c0876a6316886d6479d1e8e32076037c03aa6c9bb34a18329ec11,04a9fe28036e9050bd05e3100002c74d9ee9171a4ebbe4272ae22ebcf0d775ab,ef71ed11104b1fef69cd3e7d9def98102174d284d0ec2bafb7eedcbb22801dde
ZXVAD_C04_MECHANISM_AUDIT_V2_3090_20261009,CF_STATIC_A10_P50_s17,CF_STATIC_A10_P50,17,0,5000,ped2,1962,FUSION,0.8888789618078117,False,False,05e98c3bed2c0876a6316886d6479d1e8e32076037c03aa6c9bb34a18329ec11,04a9fe28036e9050bd05e3100002c74d9ee9171a4ebbe4272ae22ebcf0d775ab,ef71ed11104b1fef69cd3e7d9def98102174d284d0ec2bafb7eedcbb22801dde
ZXVAD_C04_MECHANISM_AUDIT_V2_3090_20261009,CF_STATIC_A10_P50_s17,CF_STATIC_A10_P50,17,0,5000,ped2,1962,PSNR_FROZEN,0.7560248357519312,False,False,05e98c3bed2c0876a6316886d6479d1e8e32076037c03aa6c9bb34a18329ec11,04a9fe28036e9050bd05e3100002c74d9ee9171a4ebbe4272ae22ebcf0d775ab,ef71ed11104b1fef69cd3e7d9def98102174d284d0ec2bafb7eedcbb22801dde
ZXVAD_C04_MECHANISM_AUDIT_V2_3090_20261009,CF_STATIC_A10_P50_s17,CF_STATIC_A10_P50,17,0,5000,ped2,1962,FUSION_FROZEN,0.7393924626380767,False,False,05e98c3bed2c0876a6316886d6479d1e8e32076037c03aa6c9bb34a18329ec11,04a9fe28036e9050bd05e3100002c74d9ee9171a4ebbe4272ae22ebcf0d775ab,ef71ed11104b1fef69cd3e7d9def98102174d284d0ec2bafb7eedcbb22801dde
ZXVAD_C04_MECHANISM_AUDIT_V2_3090_20261009,CF_STATIC_A10_P50_s17,CF_STATIC_A10_P50,17,0,5000,avenue,15240,PSNR,0.7468207175980139,True,False,d856670ba7240f046122b3f38ec045319337ccd60aad03086a1c2846934e17a3,04a9fe28036e9050bd05e3100002c74d9ee9171a4ebbe4272ae22ebcf0d775ab,ef71ed11104b1fef69cd3e7d9def98102174d284d0ec2bafb7eedcbb22801dde
ZXVAD_C04_MECHANISM_AUDIT_V2_3090_20261009,CF_STATIC_A10_P50_s17,CF_STATIC_A10_P50,17,0,5000,avenue,15240,NC,0.5664172443674177,False,False,d856670ba7240f046122b3f38ec045319337ccd60aad03086a1c2846934e17a3,04a9fe28036e9050bd05e3100002c74d9ee9171a4ebbe4272ae22ebcf0d775ab,ef71ed11104b1fef69cd3e7d9def98102174d284d0ec2bafb7eedcbb22801dde
ZXVAD_C04_MECHANISM_AUDIT_V2_3090_20261009,CF_STATIC_A10_P50_s17,CF_STATIC_A10_P50,17,0,5000,avenue,15240,NC_GAP,0.5736901025809171,False,False,d856670ba7240f046122b3f38ec045319337ccd60aad03086a1c2846934e17a3,04a9fe28036e9050bd05e3100002c74d9ee9171a4ebbe4272ae22ebcf0d775ab,ef71ed11104b1fef69cd3e7d9def98102174d284d0ec2bafb7eedcbb22801dde
ZXVAD_C04_MECHANISM_AUDIT_V2_3090_20261009,CF_STATIC_A10_P50_s17,CF_STATIC_A10_P50,17,0,5000,avenue,15240,LOCAL,0.6764999531593986,False,False,d856670ba7240f046122b3f38ec045319337ccd60aad03086a1c2846934e17a3,04a9fe28036e9050bd05e3100002c74d9ee9171a4ebbe4272ae22ebcf0d775ab,ef71ed11104b1fef69cd3e7d9def98102174d284d0ec2bafb7eedcbb22801dde
ZXVAD_C04_MECHANISM_AUDIT_V2_3090_20261009,CF_STATIC_A10_P50_s17,CF_STATIC_A10_P50,17,0,5000,avenue,15240,FUSION,0.7458363623588927,False,False,d856670ba7240f046122b3f38ec045319337ccd60aad03086a1c2846934e17a3,04a9fe28036e9050bd05e3100002c74d9ee9171a4ebbe4272ae22ebcf0d775ab,ef71ed11104b1fef69cd3e7d9def98102174d284d0ec2bafb7eedcbb22801dde
ZXVAD_C04_MECHANISM_AUDIT_V2_3090_20261009,CF_STATIC_A10_P50_s17,CF_STATIC_A10_P50,17,0,5000,avenue,15240,PSNR_FROZEN,0.768250620637969,False,False,d856670ba7240f046122b3f38ec045319337ccd60aad03086a1c2846934e17a3,04a9fe28036e9050bd05e3100002c74d9ee9171a4ebbe4272ae22ebcf0d775ab,ef71ed11104b1fef69cd3e7d9def98102174d284d0ec2bafb7eedcbb22801dde
ZXVAD_C04_MECHANISM_AUDIT_V2_3090_20261009,CF_STATIC_A10_P50_s17,CF_STATIC_A10_P50,17,0,5000,avenue,15240,FUSION_FROZEN,0.7862448592439927,False,False,d856670ba7240f046122b3f38ec045319337ccd60aad03086a1c2846934e17a3,04a9fe28036e9050bd05e3100002c74d9ee9171a4ebbe4272ae22ebcf0d775ab,ef71ed11104b1fef69cd3e7d9def98102174d284d0ec2bafb7eedcbb22801dde
ZXVAD_C04_MECHANISM_AUDIT_V2_3090_20261009,CF_MOVE_A10_P50_s17,CF_MOVE_A10_P50,17,0,5000,ped1,7056,PSNR,0.7773199955540372,True,False,423a0c89844eaf5c83ff4f28d316776da2ff4647bd1b4de1d9e903d20cece7a7,04a9fe28036e9050bd05e3100002c74d9ee9171a4ebbe4272ae22ebcf0d775ab,594dbb36033a8ff94f67d71485af8442e6b9637a7f6911aec76f95f962b7a6d5
ZXVAD_C04_MECHANISM_AUDIT_V2_3090_20261009,CF_MOVE_A10_P50_s17,CF_MOVE_A10_P50,17,0,5000,ped1,7056,NC,0.4864617734304324,False,False,423a0c89844eaf5c83ff4f28d316776da2ff4647bd1b4de1d9e903d20cece7a7,04a9fe28036e9050bd05e3100002c74d9ee9171a4ebbe4272ae22ebcf0d775ab,594dbb36033a8ff94f67d71485af8442e6b9637a7f6911aec76f95f962b7a6d5
ZXVAD_C04_MECHANISM_AUDIT_V2_3090_20261009,CF_MOVE_A10_P50_s17,CF_MOVE_A10_P50,17,0,5000,ped1,7056,NC_GAP,0.46338775003122235,False,False,423a0c89844eaf5c83ff4f28d316776da2ff4647bd1b4de1d9e903d20cece7a7,04a9fe28036e9050bd05e3100002c74d9ee9171a4ebbe4272ae22ebcf0d775ab,594dbb36033a8ff94f67d71485af8442e6b9637a7f6911aec76f95f962b7a6d5
ZXVAD_C04_MECHANISM_AUDIT_V2_3090_20261009,CF_MOVE_A10_P50_s17,CF_MOVE_A10_P50,17,0,5000,ped1,7056,LOCAL,0.7619538616041142,False,False,423a0c89844eaf5c83ff4f28d316776da2ff4647bd1b4de1d9e903d20cece7a7,04a9fe28036e9050bd05e3100002c74d9ee9171a4ebbe4272ae22ebcf0d775ab,594dbb36033a8ff94f67d71485af8442e6b9637a7f6911aec76f95f962b7a6d5
ZXVAD_C04_MECHANISM_AUDIT_V2_3090_20261009,CF_MOVE_A10_P50_s17,CF_MOVE_A10_P50,17,0,5000,ped1,7056,FUSION,0.7760533541705805,False,False,423a0c89844eaf5c83ff4f28d316776da2ff4647bd1b4de1d9e903d20cece7a7,04a9fe28036e9050bd05e3100002c74d9ee9171a4ebbe4272ae22ebcf0d775ab,594dbb36033a8ff94f67d71485af8442e6b9637a7f6911aec76f95f962b7a6d5
ZXVAD_C04_MECHANISM_AUDIT_V2_3090_20261009,CF_MOVE_A10_P50_s17,CF_MOVE_A10_P50,17,0,5000,ped1,7056,PSNR_FROZEN,0.748553733050687,False,False,423a0c89844eaf5c83ff4f28d316776da2ff4647bd1b4de1d9e903d20cece7a7,04a9fe28036e9050bd05e3100002c74d9ee9171a4ebbe4272ae22ebcf0d775ab,594dbb36033a8ff94f67d71485af8442e6b9637a7f6911aec76f95f962b7a6d5
ZXVAD_C04_MECHANISM_AUDIT_V2_3090_20261009,CF_MOVE_A10_P50_s17,CF_MOVE_A10_P50,17,0,5000,ped1,7056,FUSION_FROZEN,0.7499021618289559,False,False,423a0c89844eaf5c83ff4f28d316776da2ff4647bd1b4de1d9e903d20cece7a7,04a9fe28036e9050bd05e3100002c74d9ee9171a4ebbe4272ae22ebcf0d775ab,594dbb36033a8ff94f67d71485af8442e6b9637a7f6911aec76f95f962b7a6d5
ZXVAD_C04_MECHANISM_AUDIT_V2_3090_20261009,CF_MOVE_A10_P50_s17,CF_MOVE_A10_P50,17,0,5000,ped2,1962,PSNR,0.9153535845787307,True,False,29a0a4da7fb0f30c5c439a8aa68513ca86f4b9bb02f3411910cfe833d8988e79,04a9fe28036e9050bd05e3100002c74d9ee9171a4ebbe4272ae22ebcf0d775ab,594dbb36033a8ff94f67d71485af8442e6b9637a7f6911aec76f95f962b7a6d5
ZXVAD_C04_MECHANISM_AUDIT_V2_3090_20261009,CF_MOVE_A10_P50_s17,CF_MOVE_A10_P50,17,0,5000,ped2,1962,NC,0.6087737347483936,False,False,29a0a4da7fb0f30c5c439a8aa68513ca86f4b9bb02f3411910cfe833d8988e79,04a9fe28036e9050bd05e3100002c74d9ee9171a4ebbe4272ae22ebcf0d775ab,594dbb36033a8ff94f67d71485af8442e6b9637a7f6911aec76f95f962b7a6d5
ZXVAD_C04_MECHANISM_AUDIT_V2_3090_20261009,CF_MOVE_A10_P50_s17,CF_MOVE_A10_P50,17,0,5000,ped2,1962,NC_GAP,0.4586500974658869,False,False,29a0a4da7fb0f30c5c439a8aa68513ca86f4b9bb02f3411910cfe833d8988e79,04a9fe28036e9050bd05e3100002c74d9ee9171a4ebbe4272ae22ebcf0d775ab,594dbb36033a8ff94f67d71485af8442e6b9637a7f6911aec76f95f962b7a6d5
ZXVAD_C04_MECHANISM_AUDIT_V2_3090_20261009,CF_MOVE_A10_P50_s17,CF_MOVE_A10_P50,17,0,5000,ped2,1962,LOCAL,0.9060248357519313,False,False,29a0a4da7fb0f30c5c439a8aa68513ca86f4b9bb02f3411910cfe833d8988e79,04a9fe28036e9050bd05e3100002c74d9ee9171a4ebbe4272ae22ebcf0d775ab,594dbb36033a8ff94f67d71485af8442e6b9637a7f6911aec76f95f962b7a6d5
ZXVAD_C04_MECHANISM_AUDIT_V2_3090_20261009,CF_MOVE_A10_P50_s17,CF_MOVE_A10_P50,17,0,5000,ped2,1962,FUSION,0.8937477438452097,False,False,29a0a4da7fb0f30c5c439a8aa68513ca86f4b9bb02f3411910cfe833d8988e79,04a9fe28036e9050bd05e3100002c74d9ee9171a4ebbe4272ae22ebcf0d775ab,594dbb36033a8ff94f67d71485af8442e6b9637a7f6911aec76f95f962b7a6d5
ZXVAD_C04_MECHANISM_AUDIT_V2_3090_20261009,CF_MOVE_A10_P50_s17,CF_MOVE_A10_P50,17,0,5000,ped2,1962,PSNR_FROZEN,0.82563984549852,False,False,29a0a4da7fb0f30c5c439a8aa68513ca86f4b9bb02f3411910cfe833d8988e79,04a9fe28036e9050bd05e3100002c74d9ee9171a4ebbe4272ae22ebcf0d775ab,594dbb36033a8ff94f67d71485af8442e6b9637a7f6911aec76f95f962b7a6d5
ZXVAD_C04_MECHANISM_AUDIT_V2_3090_20261009,CF_MOVE_A10_P50_s17,CF_MOVE_A10_P50,17,0,5000,ped2,1962,FUSION_FROZEN,0.8091491589054942,False,False,29a0a4da7fb0f30c5c439a8aa68513ca86f4b9bb02f3411910cfe833d8988e79,04a9fe28036e9050bd05e3100002c74d9ee9171a4ebbe4272ae22ebcf0d775ab,594dbb36033a8ff94f67d71485af8442e6b9637a7f6911aec76f95f962b7a6d5
ZXVAD_C04_MECHANISM_AUDIT_V2_3090_20261009,CF_MOVE_A10_P50_s17,CF_MOVE_A10_P50,17,0,5000,avenue,15240,PSNR,0.8252375872406201,True,False,f2af372554b77a3baaac5d05673e9f229c9daea759882d7ae4ff727982dee4c6,04a9fe28036e9050bd05e3100002c74d9ee9171a4ebbe4272ae22ebcf0d775ab,594dbb36033a8ff94f67d71485af8442e6b9637a7f6911aec76f95f962b7a6d5
ZXVAD_C04_MECHANISM_AUDIT_V2_3090_20261009,CF_MOVE_A10_P50_s17,CF_MOVE_A10_P50,17,0,5000,avenue,15240,NC,0.5694280879666495,False,False,f2af372554b77a3baaac5d05673e9f229c9daea759882d7ae4ff727982dee4c6,04a9fe28036e9050bd05e3100002c74d9ee9171a4ebbe4272ae22ebcf0d775ab,594dbb36033a8ff94f67d71485af8442e6b9637a7f6911aec76f95f962b7a6d5
ZXVAD_C04_MECHANISM_AUDIT_V2_3090_20261009,CF_MOVE_A10_P50_s17,CF_MOVE_A10_P50,17,0,5000,avenue,15240,NC_GAP,0.5727435359970022,False,False,f2af372554b77a3baaac5d05673e9f229c9daea759882d7ae4ff727982dee4c6,04a9fe28036e9050bd05e3100002c74d9ee9171a4ebbe4272ae22ebcf0d775ab,594dbb36033a8ff94f67d71485af8442e6b9637a7f6911aec76f95f962b7a6d5
ZXVAD_C04_MECHANISM_AUDIT_V2_3090_20261009,CF_MOVE_A10_P50_s17,CF_MOVE_A10_P50,17,0,5000,avenue,15240,LOCAL,0.8113428966227927,False,False,f2af372554b77a3baaac5d05673e9f229c9daea759882d7ae4ff727982dee4c6,04a9fe28036e9050bd05e3100002c74d9ee9171a4ebbe4272ae22ebcf0d775ab,594dbb36033a8ff94f67d71485af8442e6b9637a7f6911aec76f95f962b7a6d5
ZXVAD_C04_MECHANISM_AUDIT_V2_3090_20261009,CF_MOVE_A10_P50_s17,CF_MOVE_A10_P50,17,0,5000,avenue,15240,FUSION,0.8357170359267413,False,False,f2af372554b77a3baaac5d05673e9f229c9daea759882d7ae4ff727982dee4c6,04a9fe28036e9050bd05e3100002c74d9ee9171a4ebbe4272ae22ebcf0d775ab,594dbb36033a8ff94f67d71485af8442e6b9637a7f6911aec76f95f962b7a6d5
ZXVAD_C04_MECHANISM_AUDIT_V2_3090_20261009,CF_MOVE_A10_P50_s17,CF_MOVE_A10_P50,17,0,5000,avenue,15240,PSNR_FROZEN,0.863866761909223,False,False,f2af372554b77a3baaac5d05673e9f229c9daea759882d7ae4ff727982dee4c6,04a9fe28036e9050bd05e3100002c74d9ee9171a4ebbe4272ae22ebcf0d775ab,594dbb36033a8ff94f67d71485af8442e6b9637a7f6911aec76f95f962b7a6d5
ZXVAD_C04_MECHANISM_AUDIT_V2_3090_20261009,CF_MOVE_A10_P50_s17,CF_MOVE_A10_P50,17,0,5000,avenue,15240,FUSION_FROZEN,0.8538827813949131,False,False,f2af372554b77a3baaac5d05673e9f229c9daea759882d7ae4ff727982dee4c6,04a9fe28036e9050bd05e3100002c74d9ee9171a4ebbe4272ae22ebcf0d775ab,594dbb36033a8ff94f67d71485af8442e6b9637a7f6911aec76f95f962b7a6d5
ZXVAD_C04_MECHANISM_AUDIT_V2_3090_20261009,CF_SHUFFLE_A10_P50_s17,CF_SHUFFLE_A10_P50,17,0,5000,ped1,7056,PSNR,0.7625951974605341,True,False,6c73013bb485e973b3d40f9201fe722c80133fe9b695c8166bd6342c4fe36a55,04a9fe28036e9050bd05e3100002c74d9ee9171a4ebbe4272ae22ebcf0d775ab,2fce04e0f0de6a2fb3fab19c7230c9a9429ac07dc3bd848ec41503910817ef0f
ZXVAD_C04_MECHANISM_AUDIT_V2_3090_20261009,CF_SHUFFLE_A10_P50_s17,CF_SHUFFLE_A10_P50,17,0,5000,ped1,7056,NC,0.5332639558125606,False,False,6c73013bb485e973b3d40f9201fe722c80133fe9b695c8166bd6342c4fe36a55,04a9fe28036e9050bd05e3100002c74d9ee9171a4ebbe4272ae22ebcf0d775ab,2fce04e0f0de6a2fb3fab19c7230c9a9429ac07dc3bd848ec41503910817ef0f
ZXVAD_C04_MECHANISM_AUDIT_V2_3090_20261009,CF_SHUFFLE_A10_P50_s17,CF_SHUFFLE_A10_P50,17,0,5000,ped1,7056,NC_GAP,0.4770916778626795,False,False,6c73013bb485e973b3d40f9201fe722c80133fe9b695c8166bd6342c4fe36a55,04a9fe28036e9050bd05e3100002c74d9ee9171a4ebbe4272ae22ebcf0d775ab,2fce04e0f0de6a2fb3fab19c7230c9a9429ac07dc3bd848ec41503910817ef0f
ZXVAD_C04_MECHANISM_AUDIT_V2_3090_20261009,CF_SHUFFLE_A10_P50_s17,CF_SHUFFLE_A10_P50,17,0,5000,ped1,7056,LOCAL,0.7389425691367251,False,False,6c73013bb485e973b3d40f9201fe722c80133fe9b695c8166bd6342c4fe36a55,04a9fe28036e9050bd05e3100002c74d9ee9171a4ebbe4272ae22ebcf0d775ab,2fce04e0f0de6a2fb3fab19c7230c9a9429ac07dc3bd848ec41503910817ef0f
ZXVAD_C04_MECHANISM_AUDIT_V2_3090_20261009,CF_SHUFFLE_A10_P50_s17,CF_SHUFFLE_A10_P50,17,0,5000,ped1,7056,FUSION,0.7715170163173214,False,False,6c73013bb485e973b3d40f9201fe722c80133fe9b695c8166bd6342c4fe36a55,04a9fe28036e9050bd05e3100002c74d9ee9171a4ebbe4272ae22ebcf0d775ab,2fce04e0f0de6a2fb3fab19c7230c9a9429ac07dc3bd848ec41503910817ef0f
ZXVAD_C04_MECHANISM_AUDIT_V2_3090_20261009,CF_SHUFFLE_A10_P50_s17,CF_SHUFFLE_A10_P50,17,0,5000,ped1,7056,PSNR_FROZEN,0.7365554404443411,False,False,6c73013bb485e973b3d40f9201fe722c80133fe9b695c8166bd6342c4fe36a55,04a9fe28036e9050bd05e3100002c74d9ee9171a4ebbe4272ae22ebcf0d775ab,2fce04e0f0de6a2fb3fab19c7230c9a9429ac07dc3bd848ec41503910817ef0f
ZXVAD_C04_MECHANISM_AUDIT_V2_3090_20261009,CF_SHUFFLE_A10_P50_s17,CF_SHUFFLE_A10_P50,17,0,5000,ped1,7056,FUSION_FROZEN,0.7336782416822424,False,False,6c73013bb485e973b3d40f9201fe722c80133fe9b695c8166bd6342c4fe36a55,04a9fe28036e9050bd05e3100002c74d9ee9171a4ebbe4272ae22ebcf0d775ab,2fce04e0f0de6a2fb3fab19c7230c9a9429ac07dc3bd848ec41503910817ef0f
ZXVAD_C04_MECHANISM_AUDIT_V2_3090_20261009,CF_SHUFFLE_A10_P50_s17,CF_SHUFFLE_A10_P50,17,0,5000,ped2,1962,PSNR,0.902670384809761,True,False,700771aca6d1e058d9bd6270011fd50353d25736656952ddb7f845da89eb7507,04a9fe28036e9050bd05e3100002c74d9ee9171a4ebbe4272ae22ebcf0d775ab,2fce04e0f0de6a2fb3fab19c7230c9a9429ac07dc3bd848ec41503910817ef0f
ZXVAD_C04_MECHANISM_AUDIT_V2_3090_20261009,CF_SHUFFLE_A10_P50_s17,CF_SHUFFLE_A10_P50,17,0,5000,ped2,1962,NC,0.5458026496281857,False,False,700771aca6d1e058d9bd6270011fd50353d25736656952ddb7f845da89eb7507,04a9fe28036e9050bd05e3100002c74d9ee9171a4ebbe4272ae22ebcf0d775ab,2fce04e0f0de6a2fb3fab19c7230c9a9429ac07dc3bd848ec41503910817ef0f
ZXVAD_C04_MECHANISM_AUDIT_V2_3090_20261009,CF_SHUFFLE_A10_P50_s17,CF_SHUFFLE_A10_P50,17,0,5000,ped2,1962,NC_GAP,0.4741552956465237,False,False,700771aca6d1e058d9bd6270011fd50353d25736656952ddb7f845da89eb7507,04a9fe28036e9050bd05e3100002c74d9ee9171a4ebbe4272ae22ebcf0d775ab,2fce04e0f0de6a2fb3fab19c7230c9a9429ac07dc3bd848ec41503910817ef0f
ZXVAD_C04_MECHANISM_AUDIT_V2_3090_20261009,CF_SHUFFLE_A10_P50_s17,CF_SHUFFLE_A10_P50,17,0,5000,ped2,1962,LOCAL,0.8984261064183091,False,False,700771aca6d1e058d9bd6270011fd50353d25736656952ddb7f845da89eb7507,04a9fe28036e9050bd05e3100002c74d9ee9171a4ebbe4272ae22ebcf0d775ab,2fce04e0f0de6a2fb3fab19c7230c9a9429ac07dc3bd848ec41503910817ef0f
ZXVAD_C04_MECHANISM_AUDIT_V2_3090_20261009,CF_SHUFFLE_A10_P50_s17,CF_SHUFFLE_A10_P50,17,0,5000,ped2,1962,FUSION,0.8902218251389792,False,False,700771aca6d1e058d9bd6270011fd50353d25736656952ddb7f845da89eb7507,04a9fe28036e9050bd05e3100002c74d9ee9171a4ebbe4272ae22ebcf0d775ab,2fce04e0f0de6a2fb3fab19c7230c9a9429ac07dc3bd848ec41503910817ef0f
ZXVAD_C04_MECHANISM_AUDIT_V2_3090_20261009,CF_SHUFFLE_A10_P50_s17,CF_SHUFFLE_A10_P50,17,0,5000,ped2,1962,PSNR_FROZEN,0.7881290159555266,False,False,700771aca6d1e058d9bd6270011fd50353d25736656952ddb7f845da89eb7507,04a9fe28036e9050bd05e3100002c74d9ee9171a4ebbe4272ae22ebcf0d775ab,2fce04e0f0de6a2fb3fab19c7230c9a9429ac07dc3bd848ec41503910817ef0f
ZXVAD_C04_MECHANISM_AUDIT_V2_3090_20261009,CF_SHUFFLE_A10_P50_s17,CF_SHUFFLE_A10_P50,17,0,5000,ped2,1962,FUSION_FROZEN,0.7699678723557866,False,False,700771aca6d1e058d9bd6270011fd50353d25736656952ddb7f845da89eb7507,04a9fe28036e9050bd05e3100002c74d9ee9171a4ebbe4272ae22ebcf0d775ab,2fce04e0f0de6a2fb3fab19c7230c9a9429ac07dc3bd848ec41503910817ef0f
ZXVAD_C04_MECHANISM_AUDIT_V2_3090_20261009,CF_SHUFFLE_A10_P50_s17,CF_SHUFFLE_A10_P50,17,0,5000,avenue,15240,PSNR,0.8355222258653802,True,False,ed20e6db5fcf58215d54e79520ee44de7daf1f21266bbb30cea36b1a62f98e94,04a9fe28036e9050bd05e3100002c74d9ee9171a4ebbe4272ae22ebcf0d775ab,2fce04e0f0de6a2fb3fab19c7230c9a9429ac07dc3bd848ec41503910817ef0f
ZXVAD_C04_MECHANISM_AUDIT_V2_3090_20261009,CF_SHUFFLE_A10_P50_s17,CF_SHUFFLE_A10_P50,17,0,5000,avenue,15240,NC,0.5839050658110451,False,False,ed20e6db5fcf58215d54e79520ee44de7daf1f21266bbb30cea36b1a62f98e94,04a9fe28036e9050bd05e3100002c74d9ee9171a4ebbe4272ae22ebcf0d775ab,2fce04e0f0de6a2fb3fab19c7230c9a9429ac07dc3bd848ec41503910817ef0f
ZXVAD_C04_MECHANISM_AUDIT_V2_3090_20261009,CF_SHUFFLE_A10_P50_s17,CF_SHUFFLE_A10_P50,17,0,5000,avenue,15240,NC_GAP,0.5799173263384702,False,False,ed20e6db5fcf58215d54e79520ee44de7daf1f21266bbb30cea36b1a62f98e94,04a9fe28036e9050bd05e3100002c74d9ee9171a4ebbe4272ae22ebcf0d775ab,2fce04e0f0de6a2fb3fab19c7230c9a9429ac07dc3bd848ec41503910817ef0f
ZXVAD_C04_MECHANISM_AUDIT_V2_3090_20261009,CF_SHUFFLE_A10_P50_s17,CF_SHUFFLE_A10_P50,17,0,5000,avenue,15240,LOCAL,0.8338937186753478,False,False,ed20e6db5fcf58215d54e79520ee44de7daf1f21266bbb30cea36b1a62f98e94,04a9fe28036e9050bd05e3100002c74d9ee9171a4ebbe4272ae22ebcf0d775ab,2fce04e0f0de6a2fb3fab19c7230c9a9429ac07dc3bd848ec41503910817ef0f
ZXVAD_C04_MECHANISM_AUDIT_V2_3090_20261009,CF_SHUFFLE_A10_P50_s17,CF_SHUFFLE_A10_P50,17,0,5000,avenue,15240,FUSION,0.8374566021827721,False,False,ed20e6db5fcf58215d54e79520ee44de7daf1f21266bbb30cea36b1a62f98e94,04a9fe28036e9050bd05e3100002c74d9ee9171a4ebbe4272ae22ebcf0d775ab,2fce04e0f0de6a2fb3fab19c7230c9a9429ac07dc3bd848ec41503910817ef0f
ZXVAD_C04_MECHANISM_AUDIT_V2_3090_20261009,CF_SHUFFLE_A10_P50_s17,CF_SHUFFLE_A10_P50,17,0,5000,avenue,15240,PSNR_FROZEN,0.8669188603681671,False,False,ed20e6db5fcf58215d54e79520ee44de7daf1f21266bbb30cea36b1a62f98e94,04a9fe28036e9050bd05e3100002c74d9ee9171a4ebbe4272ae22ebcf0d775ab,2fce04e0f0de6a2fb3fab19c7230c9a9429ac07dc3bd848ec41503910817ef0f
ZXVAD_C04_MECHANISM_AUDIT_V2_3090_20261009,CF_SHUFFLE_A10_P50_s17,CF_SHUFFLE_A10_P50,17,0,5000,avenue,15240,FUSION_FROZEN,0.8817487001733102,False,False,ed20e6db5fcf58215d54e79520ee44de7daf1f21266bbb30cea36b1a62f98e94,04a9fe28036e9050bd05e3100002c74d9ee9171a4ebbe4272ae22ebcf0d775ab,2fce04e0f0de6a2fb3fab19c7230c9a9429ac07dc3bd848ec41503910817ef0f
ZXVAD_C04_MECHANISM_AUDIT_V2_3090_20261009,B1_s17,B1,17,1,5000,ped1,7056,PSNR,0.753659392959234,True,False,ff9971e734b0298ddb5441e9e4d52c83b4359ace6cc363ddf1e8291ff118f907,04a9fe28036e9050bd05e3100002c74d9ee9171a4ebbe4272ae22ebcf0d775ab,88985bae9ed5c32ba2c7b078c91974da446ab48fb0a69d7be1a985056793c97b
ZXVAD_C04_MECHANISM_AUDIT_V2_3090_20261009,B1_s17,B1,17,1,5000,ped1,7056,NC,0.4562011734364683,False,False,ff9971e734b0298ddb5441e9e4d52c83b4359ace6cc363ddf1e8291ff118f907,04a9fe28036e9050bd05e3100002c74d9ee9171a4ebbe4272ae22ebcf0d775ab,88985bae9ed5c32ba2c7b078c91974da446ab48fb0a69d7be1a985056793c97b
ZXVAD_C04_MECHANISM_AUDIT_V2_3090_20261009,B1_s17,B1,17,1,5000,ped1,7056,NC_GAP,0.4834202228984586,False,False,ff9971e734b0298ddb5441e9e4d52c83b4359ace6cc363ddf1e8291ff118f907,04a9fe28036e9050bd05e3100002c74d9ee9171a4ebbe4272ae22ebcf0d775ab,88985bae9ed5c32ba2c7b078c91974da446ab48fb0a69d7be1a985056793c97b
ZXVAD_C04_MECHANISM_AUDIT_V2_3090_20261009,B1_s17,B1,17,1,5000,ped1,7056,LOCAL,0.7214731087544164,False,False,ff9971e734b0298ddb5441e9e4d52c83b4359ace6cc363ddf1e8291ff118f907,04a9fe28036e9050bd05e3100002c74d9ee9171a4ebbe4272ae22ebcf0d775ab,88985bae9ed5c32ba2c7b078c91974da446ab48fb0a69d7be1a985056793c97b
ZXVAD_C04_MECHANISM_AUDIT_V2_3090_20261009,B1_s17,B1,17,1,5000,ped1,7056,FUSION,0.7534603224402611,False,False,ff9971e734b0298ddb5441e9e4d52c83b4359ace6cc363ddf1e8291ff118f907,04a9fe28036e9050bd05e3100002c74d9ee9171a4ebbe4272ae22ebcf0d775ab,88985bae9ed5c32ba2c7b078c91974da446ab48fb0a69d7be1a985056793c97b
ZXVAD_C04_MECHANISM_AUDIT_V2_3090_20261009,B1_s17,B1,17,1,5000,ped1,7056,PSNR_FROZEN,0.7372880510333715,False,False,ff9971e734b0298ddb5441e9e4d52c83b4359ace6cc363ddf1e8291ff118f907,04a9fe28036e9050bd05e3100002c74d9ee9171a4ebbe4272ae22ebcf0d775ab,88985bae9ed5c32ba2c7b078c91974da446ab48fb0a69d7be1a985056793c97b
ZXVAD_C04_MECHANISM_AUDIT_V2_3090_20261009,B1_s17,B1,17,1,5000,ped1,7056,FUSION_FROZEN,0.7358025056876999,False,False,ff9971e734b0298ddb5441e9e4d52c83b4359ace6cc363ddf1e8291ff118f907,04a9fe28036e9050bd05e3100002c74d9ee9171a4ebbe4272ae22ebcf0d775ab,88985bae9ed5c32ba2c7b078c91974da446ab48fb0a69d7be1a985056793c97b
ZXVAD_C04_MECHANISM_AUDIT_V2_3090_20261009,B1_s17,B1,17,1,5000,ped2,1962,PSNR,0.8977023319615912,True,False,2c8dcc040a3055b9dd99d57444bf7d9d133b4441b28f3a423903fa897962e172,04a9fe28036e9050bd05e3100002c74d9ee9171a4ebbe4272ae22ebcf0d775ab,88985bae9ed5c32ba2c7b078c91974da446ab48fb0a69d7be1a985056793c97b
ZXVAD_C04_MECHANISM_AUDIT_V2_3090_20261009,B1_s17,B1,17,1,5000,ped2,1962,NC,0.5522895458811639,False,False,2c8dcc040a3055b9dd99d57444bf7d9d133b4441b28f3a423903fa897962e172,04a9fe28036e9050bd05e3100002c74d9ee9171a4ebbe4272ae22ebcf0d775ab,88985bae9ed5c32ba2c7b078c91974da446ab48fb0a69d7be1a985056793c97b
ZXVAD_C04_MECHANISM_AUDIT_V2_3090_20261009,B1_s17,B1,17,1,5000,ped2,1962,NC_GAP,0.5583901884340481,False,False,2c8dcc040a3055b9dd99d57444bf7d9d133b4441b28f3a423903fa897962e172,04a9fe28036e9050bd05e3100002c74d9ee9171a4ebbe4272ae22ebcf0d775ab,88985bae9ed5c32ba2c7b078c91974da446ab48fb0a69d7be1a985056793c97b
ZXVAD_C04_MECHANISM_AUDIT_V2_3090_20261009,B1_s17,B1,17,1,5000,ped2,1962,LOCAL,0.8886849324958487,False,False,2c8dcc040a3055b9dd99d57444bf7d9d133b4441b28f3a423903fa897962e172,04a9fe28036e9050bd05e3100002c74d9ee9171a4ebbe4272ae22ebcf0d775ab,88985bae9ed5c32ba2c7b078c91974da446ab48fb0a69d7be1a985056793c97b
ZXVAD_C04_MECHANISM_AUDIT_V2_3090_20261009,B1_s17,B1,17,1,5000,ped2,1962,FUSION,0.9039103674824922,False,False,2c8dcc040a3055b9dd99d57444bf7d9d133b4441b28f3a423903fa897962e172,04a9fe28036e9050bd05e3100002c74d9ee9171a4ebbe4272ae22ebcf0d775ab,88985bae9ed5c32ba2c7b078c91974da446ab48fb0a69d7be1a985056793c97b
ZXVAD_C04_MECHANISM_AUDIT_V2_3090_20261009,B1_s17,B1,17,1,5000,ped2,1962,PSNR_FROZEN,0.7736029889538661,False,False,2c8dcc040a3055b9dd99d57444bf7d9d133b4441b28f3a423903fa897962e172,04a9fe28036e9050bd05e3100002c74d9ee9171a4ebbe4272ae22ebcf0d775ab,88985bae9ed5c32ba2c7b078c91974da446ab48fb0a69d7be1a985056793c97b
ZXVAD_C04_MECHANISM_AUDIT_V2_3090_20261009,B1_s17,B1,17,1,5000,ped2,1962,FUSION_FROZEN,0.7471518301927659,False,False,2c8dcc040a3055b9dd99d57444bf7d9d133b4441b28f3a423903fa897962e172,04a9fe28036e9050bd05e3100002c74d9ee9171a4ebbe4272ae22ebcf0d775ab,88985bae9ed5c32ba2c7b078c91974da446ab48fb0a69d7be1a985056793c97b
ZXVAD_C04_MECHANISM_AUDIT_V2_3090_20261009,B1_s17,B1,17,1,5000,avenue,15240,PSNR,0.8425303058691274,True,False,d2164fbb3fb6987d83853546c7b18525a07518cb8522a9717ab8debcadc7ad9a,04a9fe28036e9050bd05e3100002c74d9ee9171a4ebbe4272ae22ebcf0d775ab,88985bae9ed5c32ba2c7b078c91974da446ab48fb0a69d7be1a985056793c97b
ZXVAD_C04_MECHANISM_AUDIT_V2_3090_20261009,B1_s17,B1,17,1,5000,avenue,15240,NC,0.6401666939903509,False,False,d2164fbb3fb6987d83853546c7b18525a07518cb8522a9717ab8debcadc7ad9a,04a9fe28036e9050bd05e3100002c74d9ee9171a4ebbe4272ae22ebcf0d775ab,88985bae9ed5c32ba2c7b078c91974da446ab48fb0a69d7be1a985056793c97b
ZXVAD_C04_MECHANISM_AUDIT_V2_3090_20261009,B1_s17,B1,17,1,5000,avenue,15240,NC_GAP,0.5159428076256499,False,False,d2164fbb3fb6987d83853546c7b18525a07518cb8522a9717ab8debcadc7ad9a,04a9fe28036e9050bd05e3100002c74d9ee9171a4ebbe4272ae22ebcf0d775ab,88985bae9ed5c32ba2c7b078c91974da446ab48fb0a69d7be1a985056793c97b
ZXVAD_C04_MECHANISM_AUDIT_V2_3090_20261009,B1_s17,B1,17,1,5000,avenue,15240,LOCAL,0.8335148250503537,False,False,d2164fbb3fb6987d83853546c7b18525a07518cb8522a9717ab8debcadc7ad9a,04a9fe28036e9050bd05e3100002c74d9ee9171a4ebbe4272ae22ebcf0d775ab,88985bae9ed5c32ba2c7b078c91974da446ab48fb0a69d7be1a985056793c97b
ZXVAD_C04_MECHANISM_AUDIT_V2_3090_20261009,B1_s17,B1,17,1,5000,avenue,15240,FUSION,0.8493065014754789,False,False,d2164fbb3fb6987d83853546c7b18525a07518cb8522a9717ab8debcadc7ad9a,04a9fe28036e9050bd05e3100002c74d9ee9171a4ebbe4272ae22ebcf0d775ab,88985bae9ed5c32ba2c7b078c91974da446ab48fb0a69d7be1a985056793c97b
ZXVAD_C04_MECHANISM_AUDIT_V2_3090_20261009,B1_s17,B1,17,1,5000,avenue,15240,PSNR_FROZEN,0.874541336830765,False,False,d2164fbb3fb6987d83853546c7b18525a07518cb8522a9717ab8debcadc7ad9a,04a9fe28036e9050bd05e3100002c74d9ee9171a4ebbe4272ae22ebcf0d775ab,88985bae9ed5c32ba2c7b078c91974da446ab48fb0a69d7be1a985056793c97b
ZXVAD_C04_MECHANISM_AUDIT_V2_3090_20261009,B1_s17,B1,17,1,5000,avenue,15240,FUSION_FROZEN,0.8878504379596234,False,False,d2164fbb3fb6987d83853546c7b18525a07518cb8522a9717ab8debcadc7ad9a,04a9fe28036e9050bd05e3100002c74d9ee9171a4ebbe4272ae22ebcf0d775ab,88985bae9ed5c32ba2c7b078c91974da446ab48fb0a69d7be1a985056793c97b
ZXVAD_C04_MECHANISM_AUDIT_V2_3090_20261009,NC_PRED_s17,NC_PRED,17,1,5000,ped1,7056,PSNR,0.7449837950545288,True,False,e5a3b51369ce24e4ac5ff47791f374b9aac949b9fe6493b592c02410059a2873,04a9fe28036e9050bd05e3100002c74d9ee9171a4ebbe4272ae22ebcf0d775ab,410b0dc53f8c6072b760e87749416d5eda07f06b58bed457cd6f63cad16f9607
ZXVAD_C04_MECHANISM_AUDIT_V2_3090_20261009,NC_PRED_s17,NC_PRED,17,1,5000,ped1,7056,NC,0.4529244023570146,False,False,e5a3b51369ce24e4ac5ff47791f374b9aac949b9fe6493b592c02410059a2873,04a9fe28036e9050bd05e3100002c74d9ee9171a4ebbe4272ae22ebcf0d775ab,410b0dc53f8c6072b760e87749416d5eda07f06b58bed457cd6f63cad16f9607
ZXVAD_C04_MECHANISM_AUDIT_V2_3090_20261009,NC_PRED_s17,NC_PRED,17,1,5000,ped1,7056,NC_GAP,0.4048307561171042,False,False,e5a3b51369ce24e4ac5ff47791f374b9aac949b9fe6493b592c02410059a2873,04a9fe28036e9050bd05e3100002c74d9ee9171a4ebbe4272ae22ebcf0d775ab,410b0dc53f8c6072b760e87749416d5eda07f06b58bed457cd6f63cad16f9607
ZXVAD_C04_MECHANISM_AUDIT_V2_3090_20261009,NC_PRED_s17,NC_PRED,17,1,5000,ped1,7056,LOCAL,0.7194572948344798,False,False,e5a3b51369ce24e4ac5ff47791f374b9aac949b9fe6493b592c02410059a2873,04a9fe28036e9050bd05e3100002c74d9ee9171a4ebbe4272ae22ebcf0d775ab,410b0dc53f8c6072b760e87749416d5eda07f06b58bed457cd6f63cad16f9607
ZXVAD_C04_MECHANISM_AUDIT_V2_3090_20261009,NC_PRED_s17,NC_PRED,17,1,5000,ped1,7056,FUSION,0.718305932784011,False,False,e5a3b51369ce24e4ac5ff47791f374b9aac949b9fe6493b592c02410059a2873,04a9fe28036e9050bd05e3100002c74d9ee9171a4ebbe4272ae22ebcf0d775ab,410b0dc53f8c6072b760e87749416d5eda07f06b58bed457cd6f63cad16f9607
ZXVAD_C04_MECHANISM_AUDIT_V2_3090_20261009,NC_PRED_s17,NC_PRED,17,1,5000,ped1,7056,PSNR_FROZEN,0.7206345425954068,False,False,e5a3b51369ce24e4ac5ff47791f374b9aac949b9fe6493b592c02410059a2873,04a9fe28036e9050bd05e3100002c74d9ee9171a4ebbe4272ae22ebcf0d775ab,410b0dc53f8c6072b760e87749416d5eda07f06b58bed457cd6f63cad16f9607
ZXVAD_C04_MECHANISM_AUDIT_V2_3090_20261009,NC_PRED_s17,NC_PRED,17,1,5000,ped1,7056,FUSION_FROZEN,0.7161009855135713,False,False,e5a3b51369ce24e4ac5ff47791f374b9aac949b9fe6493b592c02410059a2873,04a9fe28036e9050bd05e3100002c74d9ee9171a4ebbe4272ae22ebcf0d775ab,410b0dc53f8c6072b760e87749416d5eda07f06b58bed457cd6f63cad16f9607
ZXVAD_C04_MECHANISM_AUDIT_V2_3090_20261009,NC_PRED_s17,NC_PRED,17,1,5000,ped2,1962,PSNR,0.8831438163309508,True,False,748beba31c1629969497b9cb9174047e56f7c59426814cbc03d4e5e7f667ce70,04a9fe28036e9050bd05e3100002c74d9ee9171a4ebbe4272ae22ebcf0d775ab,410b0dc53f8c6072b760e87749416d5eda07f06b58bed457cd6f63cad16f9607
ZXVAD_C04_MECHANISM_AUDIT_V2_3090_20261009,NC_PRED_s17,NC_PRED,17,1,5000,ped2,1962,NC,0.4079272254710851,False,False,748beba31c1629969497b9cb9174047e56f7c59426814cbc03d4e5e7f667ce70,04a9fe28036e9050bd05e3100002c74d9ee9171a4ebbe4272ae22ebcf0d775ab,410b0dc53f8c6072b760e87749416d5eda07f06b58bed457cd6f63cad16f9607
ZXVAD_C04_MECHANISM_AUDIT_V2_3090_20261009,NC_PRED_s17,NC_PRED,17,1,5000,ped2,1962,NC_GAP,0.3236237455779366,False,False,748beba31c1629969497b9cb9174047e56f7c59426814cbc03d4e5e7f667ce70,04a9fe28036e9050bd05e3100002c74d9ee9171a4ebbe4272ae22ebcf0d775ab,410b0dc53f8c6072b760e87749416d5eda07f06b58bed457cd6f63cad16f9607
ZXVAD_C04_MECHANISM_AUDIT_V2_3090_20261009,NC_PRED_s17,NC_PRED,17,1,5000,ped2,1962,LOCAL,0.8764619883040936,False,False,748beba31c1629969497b9cb9174047e56f7c59426814cbc03d4e5e7f667ce70,04a9fe28036e9050bd05e3100002c74d9ee9171a4ebbe4272ae22ebcf0d775ab,410b0dc53f8c6072b760e87749416d5eda07f06b58bed457cd6f63cad16f9607
ZXVAD_C04_MECHANISM_AUDIT_V2_3090_20261009,NC_PRED_s17,NC_PRED,17,1,5000,ped2,1962,FUSION,0.8646243953505162,False,False,748beba31c1629969497b9cb9174047e56f7c59426814cbc03d4e5e7f667ce70,04a9fe28036e9050bd05e3100002c74d9ee9171a4ebbe4272ae22ebcf0d775ab,410b0dc53f8c6072b760e87749416d5eda07f06b58bed457cd6f63cad16f9607
ZXVAD_C04_MECHANISM_AUDIT_V2_3090_20261009,NC_PRED_s17,NC_PRED,17,1,5000,ped2,1962,PSNR_FROZEN,0.7066096310735687,False,False,748beba31c1629969497b9cb9174047e56f7c59426814cbc03d4e5e7f667ce70,04a9fe28036e9050bd05e3100002c74d9ee9171a4ebbe4272ae22ebcf0d775ab,410b0dc53f8c6072b760e87749416d5eda07f06b58bed457cd6f63cad16f9607
ZXVAD_C04_MECHANISM_AUDIT_V2_3090_20261009,NC_PRED_s17,NC_PRED,17,1,5000,ped2,1962,FUSION_FROZEN,0.676945707891127,False,False,748beba31c1629969497b9cb9174047e56f7c59426814cbc03d4e5e7f667ce70,04a9fe28036e9050bd05e3100002c74d9ee9171a4ebbe4272ae22ebcf0d775ab,410b0dc53f8c6072b760e87749416d5eda07f06b58bed457cd6f63cad16f9607
ZXVAD_C04_MECHANISM_AUDIT_V2_3090_20261009,NC_PRED_s17,NC_PRED,17,1,5000,avenue,15240,PSNR,0.8384806314113074,True,False,ec6345ba944fbed60811299e6d1f02965e989af5985f3a66caecf8c36e66f2f1,04a9fe28036e9050bd05e3100002c74d9ee9171a4ebbe4272ae22ebcf0d775ab,410b0dc53f8c6072b760e87749416d5eda07f06b58bed457cd6f63cad16f9607
ZXVAD_C04_MECHANISM_AUDIT_V2_3090_20261009,NC_PRED_s17,NC_PRED,17,1,5000,avenue,15240,NC,0.5035983067122581,False,False,ec6345ba944fbed60811299e6d1f02965e989af5985f3a66caecf8c36e66f2f1,04a9fe28036e9050bd05e3100002c74d9ee9171a4ebbe4272ae22ebcf0d775ab,410b0dc53f8c6072b760e87749416d5eda07f06b58bed457cd6f63cad16f9607
ZXVAD_C04_MECHANISM_AUDIT_V2_3090_20261009,NC_PRED_s17,NC_PRED,17,1,5000,avenue,15240,NC_GAP,0.41804803503676985,False,False,ec6345ba944fbed60811299e6d1f02965e989af5985f3a66caecf8c36e66f2f1,04a9fe28036e9050bd05e3100002c74d9ee9171a4ebbe4272ae22ebcf0d775ab,410b0dc53f8c6072b760e87749416d5eda07f06b58bed457cd6f63cad16f9607
ZXVAD_C04_MECHANISM_AUDIT_V2_3090_20261009,NC_PRED_s17,NC_PRED,17,1,5000,avenue,15240,LOCAL,0.8179455946414352,False,False,ec6345ba944fbed60811299e6d1f02965e989af5985f3a66caecf8c36e66f2f1,04a9fe28036e9050bd05e3100002c74d9ee9171a4ebbe4272ae22ebcf0d775ab,410b0dc53f8c6072b760e87749416d5eda07f06b58bed457cd6f63cad16f9607
ZXVAD_C04_MECHANISM_AUDIT_V2_3090_20261009,NC_PRED_s17,NC_PRED,17,1,5000,avenue,15240,FUSION,0.8053881446437772,False,False,ec6345ba944fbed60811299e6d1f02965e989af5985f3a66caecf8c36e66f2f1,04a9fe28036e9050bd05e3100002c74d9ee9171a4ebbe4272ae22ebcf0d775ab,410b0dc53f8c6072b760e87749416d5eda07f06b58bed457cd6f63cad16f9607
ZXVAD_C04_MECHANISM_AUDIT_V2_3090_20261009,NC_PRED_s17,NC_PRED,17,1,5000,avenue,15240,PSNR_FROZEN,0.880810916202164,False,False,ec6345ba944fbed60811299e6d1f02965e989af5985f3a66caecf8c36e66f2f1,04a9fe28036e9050bd05e3100002c74d9ee9171a4ebbe4272ae22ebcf0d775ab,410b0dc53f8c6072b760e87749416d5eda07f06b58bed457cd6f63cad16f9607
ZXVAD_C04_MECHANISM_AUDIT_V2_3090_20261009,NC_PRED_s17,NC_PRED,17,1,5000,avenue,15240,FUSION_FROZEN,0.7922274579605603,False,False,ec6345ba944fbed60811299e6d1f02965e989af5985f3a66caecf8c36e66f2f1,04a9fe28036e9050bd05e3100002c74d9ee9171a4ebbe4272ae22ebcf0d775ab,410b0dc53f8c6072b760e87749416d5eda07f06b58bed457cd6f63cad16f9607
ZXVAD_C04_MECHANISM_AUDIT_V2_3090_20261009,NC_MIX50_s17,NC_MIX50,17,1,5000,ped1,7056,PSNR,0.7467658606000921,True,False,1f8ef546e5f0bb81afabd91b0de67c4ad7507570a7871f1bdd442a675842a66f,04a9fe28036e9050bd05e3100002c74d9ee9171a4ebbe4272ae22ebcf0d775ab,ad599ede7786f9156a553f3b056c3643c8b8bee2d74d189e996c79195af5b08e
ZXVAD_C04_MECHANISM_AUDIT_V2_3090_20261009,NC_MIX50_s17,NC_MIX50,17,1,5000,ped1,7056,NC,0.5595161555867784,False,False,1f8ef546e5f0bb81afabd91b0de67c4ad7507570a7871f1bdd442a675842a66f,04a9fe28036e9050bd05e3100002c74d9ee9171a4ebbe4272ae22ebcf0d775ab,ad599ede7786f9156a553f3b056c3643c8b8bee2d74d189e996c79195af5b08e
ZXVAD_C04_MECHANISM_AUDIT_V2_3090_20261009,NC_MIX50_s17,NC_MIX50,17,1,5000,ped1,7056,NC_GAP,0.5295041074856486,False,False,1f8ef546e5f0bb81afabd91b0de67c4ad7507570a7871f1bdd442a675842a66f,04a9fe28036e9050bd05e3100002c74d9ee9171a4ebbe4272ae22ebcf0d775ab,ad599ede7786f9156a553f3b056c3643c8b8bee2d74d189e996c79195af5b08e
ZXVAD_C04_MECHANISM_AUDIT_V2_3090_20261009,NC_MIX50_s17,NC_MIX50,17,1,5000,ped1,7056,LOCAL,0.7207870760867316,False,False,1f8ef546e5f0bb81afabd91b0de67c4ad7507570a7871f1bdd442a675842a66f,04a9fe28036e9050bd05e3100002c74d9ee9171a4ebbe4272ae22ebcf0d775ab,ad599ede7786f9156a553f3b056c3643c8b8bee2d74d189e996c79195af5b08e
ZXVAD_C04_MECHANISM_AUDIT_V2_3090_20261009,NC_MIX50_s17,NC_MIX50,17,1,5000,ped1,7056,FUSION,0.749904083832734,False,False,1f8ef546e5f0bb81afabd91b0de67c4ad7507570a7871f1bdd442a675842a66f,04a9fe28036e9050bd05e3100002c74d9ee9171a4ebbe4272ae22ebcf0d775ab,ad599ede7786f9156a553f3b056c3643c8b8bee2d74d189e996c79195af5b08e
ZXVAD_C04_MECHANISM_AUDIT_V2_3090_20261009,NC_MIX50_s17,NC_MIX50,17,1,5000,ped1,7056,PSNR_FROZEN,0.7230855881368365,False,False,1f8ef546e5f0bb81afabd91b0de67c4ad7507570a7871f1bdd442a675842a66f,04a9fe28036e9050bd05e3100002c74d9ee9171a4ebbe4272ae22ebcf0d775ab,ad599ede7786f9156a553f3b056c3643c8b8bee2d74d189e996c79195af5b08e
ZXVAD_C04_MECHANISM_AUDIT_V2_3090_20261009,NC_MIX50_s17,NC_MIX50,17,1,5000,ped1,7056,FUSION_FROZEN,0.7206347879575913,False,False,1f8ef546e5f0bb81afabd91b0de67c4ad7507570a7871f1bdd442a675842a66f,04a9fe28036e9050bd05e3100002c74d9ee9171a4ebbe4272ae22ebcf0d775ab,ad599ede7786f9156a553f3b056c3643c8b8bee2d74d189e996c79195af5b08e
ZXVAD_C04_MECHANISM_AUDIT_V2_3090_20261009,NC_MIX50_s17,NC_MIX50,17,1,5000,ped2,1962,PSNR,0.8952756118691791,True,False,bb94688ba108b732673e108f3e48a4bfca2dccc240286b1866cbd273b8463f10,04a9fe28036e9050bd05e3100002c74d9ee9171a4ebbe4272ae22ebcf0d775ab,ad599ede7786f9156a553f3b056c3643c8b8bee2d74d189e996c79195af5b08e
ZXVAD_C04_MECHANISM_AUDIT_V2_3090_20261009,NC_MIX50_s17,NC_MIX50,17,1,5000,ped2,1962,NC,0.5912488267995091,False,False,bb94688ba108b732673e108f3e48a4bfca2dccc240286b1866cbd273b8463f10,04a9fe28036e9050bd05e3100002c74d9ee9171a4ebbe4272ae22ebcf0d775ab,ad599ede7786f9156a553f3b056c3643c8b8bee2d74d189e996c79195af5b08e
ZXVAD_C04_MECHANISM_AUDIT_V2_3090_20261009,NC_MIX50_s17,NC_MIX50,17,1,5000,ped2,1962,NC_GAP,0.6355985127427622,False,False,bb94688ba108b732673e108f3e48a4bfca2dccc240286b1866cbd273b8463f10,04a9fe28036e9050bd05e3100002c74d9ee9171a4ebbe4272ae22ebcf0d775ab,ad599ede7786f9156a553f3b056c3643c8b8bee2d74d189e996c79195af5b08e
ZXVAD_C04_MECHANISM_AUDIT_V2_3090_20261009,NC_MIX50_s17,NC_MIX50,17,1,5000,ped2,1962,LOCAL,0.8759972204172984,False,False,bb94688ba108b732673e108f3e48a4bfca2dccc240286b1866cbd273b8463f10,04a9fe28036e9050bd05e3100002c74d9ee9171a4ebbe4272ae22ebcf0d775ab,ad599ede7786f9156a553f3b056c3643c8b8bee2d74d189e996c79195af5b08e
ZXVAD_C04_MECHANISM_AUDIT_V2_3090_20261009,NC_MIX50_s17,NC_MIX50,17,1,5000,ped2,1962,FUSION,0.8937008158255721,False,False,bb94688ba108b732673e108f3e48a4bfca2dccc240286b1866cbd273b8463f10,04a9fe28036e9050bd05e3100002c74d9ee9171a4ebbe4272ae22ebcf0d775ab,ad599ede7786f9156a553f3b056c3643c8b8bee2d74d189e996c79195af5b08e
ZXVAD_C04_MECHANISM_AUDIT_V2_3090_20261009,NC_MIX50_s17,NC_MIX50,17,1,5000,ped2,1962,PSNR_FROZEN,0.719845137535196,False,False,bb94688ba108b732673e108f3e48a4bfca2dccc240286b1866cbd273b8463f10,04a9fe28036e9050bd05e3100002c74d9ee9171a4ebbe4272ae22ebcf0d775ab,ad599ede7786f9156a553f3b056c3643c8b8bee2d74d189e996c79195af5b08e
ZXVAD_C04_MECHANISM_AUDIT_V2_3090_20261009,NC_MIX50_s17,NC_MIX50,17,1,5000,ped2,1962,FUSION_FROZEN,0.699065049454913,False,False,bb94688ba108b732673e108f3e48a4bfca2dccc240286b1866cbd273b8463f10,04a9fe28036e9050bd05e3100002c74d9ee9171a4ebbe4272ae22ebcf0d775ab,ad599ede7786f9156a553f3b056c3643c8b8bee2d74d189e996c79195af5b08e
ZXVAD_C04_MECHANISM_AUDIT_V2_3090_20261009,NC_MIX50_s17,NC_MIX50,17,1,5000,avenue,15240,PSNR,0.8469117523068996,True,False,874c4a1fb6160043a48d172cdb6aaf40c4de6435f8c7ad2efb680ff9a94f893d,04a9fe28036e9050bd05e3100002c74d9ee9171a4ebbe4272ae22ebcf0d775ab,ad599ede7786f9156a553f3b056c3643c8b8bee2d74d189e996c79195af5b08e
ZXVAD_C04_MECHANISM_AUDIT_V2_3090_20261009,NC_MIX50_s17,NC_MIX50,17,1,5000,avenue,15240,NC,0.6975702023513982,False,False,874c4a1fb6160043a48d172cdb6aaf40c4de6435f8c7ad2efb680ff9a94f893d,04a9fe28036e9050bd05e3100002c74d9ee9171a4ebbe4272ae22ebcf0d775ab,ad599ede7786f9156a553f3b056c3643c8b8bee2d74d189e996c79195af5b08e
ZXVAD_C04_MECHANISM_AUDIT_V2_3090_20261009,NC_MIX50_s17,NC_MIX50,17,1,5000,avenue,15240,NC_GAP,0.6555676495386201,False,False,874c4a1fb6160043a48d172cdb6aaf40c4de6435f8c7ad2efb680ff9a94f893d,04a9fe28036e9050bd05e3100002c74d9ee9171a4ebbe4272ae22ebcf0d775ab,ad599ede7786f9156a553f3b056c3643c8b8bee2d74d189e996c79195af5b08e
ZXVAD_C04_MECHANISM_AUDIT_V2_3090_20261009,NC_MIX50_s17,NC_MIX50,17,1,5000,avenue,15240,LOCAL,0.8358020750386435,False,False,874c4a1fb6160043a48d172cdb6aaf40c4de6435f8c7ad2efb680ff9a94f893d,04a9fe28036e9050bd05e3100002c74d9ee9171a4ebbe4272ae22ebcf0d775ab,ad599ede7786f9156a553f3b056c3643c8b8bee2d74d189e996c79195af5b08e
ZXVAD_C04_MECHANISM_AUDIT_V2_3090_20261009,NC_MIX50_s17,NC_MIX50,17,1,5000,avenue,15240,FUSION,0.849164410511031,False,False,874c4a1fb6160043a48d172cdb6aaf40c4de6435f8c7ad2efb680ff9a94f893d,04a9fe28036e9050bd05e3100002c74d9ee9171a4ebbe4272ae22ebcf0d775ab,ad599ede7786f9156a553f3b056c3643c8b8bee2d74d189e996c79195af5b08e
ZXVAD_C04_MECHANISM_AUDIT_V2_3090_20261009,NC_MIX50_s17,NC_MIX50,17,1,5000,avenue,15240,PSNR_FROZEN,0.8489587334301373,False,False,874c4a1fb6160043a48d172cdb6aaf40c4de6435f8c7ad2efb680ff9a94f893d,04a9fe28036e9050bd05e3100002c74d9ee9171a4ebbe4272ae22ebcf0d775ab,ad599ede7786f9156a553f3b056c3643c8b8bee2d74d189e996c79195af5b08e
ZXVAD_C04_MECHANISM_AUDIT_V2_3090_20261009,NC_MIX50_s17,NC_MIX50,17,1,5000,avenue,15240,FUSION_FROZEN,0.8519248910956017,False,False,874c4a1fb6160043a48d172cdb6aaf40c4de6435f8c7ad2efb680ff9a94f893d,04a9fe28036e9050bd05e3100002c74d9ee9171a4ebbe4272ae22ebcf0d775ab,ad599ede7786f9156a553f3b056c3643c8b8bee2d74d189e996c79195af5b08e
ZXVAD_C04_MECHANISM_AUDIT_V2_3090_20261009,NC_OFF_s17,NC_OFF,17,1,5000,ped1,7056,PSNR,0.7407911278342706,True,False,dfcd3b4b47fcfee27b4639dfee7bd21eb9499fd169bd1f23b323909f732c56b9,04a9fe28036e9050bd05e3100002c74d9ee9171a4ebbe4272ae22ebcf0d775ab,25a9189b9d69c9c108867e90ed45157e946e61f197dcb90115beb228c8d129ad
ZXVAD_C04_MECHANISM_AUDIT_V2_3090_20261009,NC_OFF_s17,NC_OFF,17,1,5000,ped1,7056,NC,0.5368340982772057,False,False,dfcd3b4b47fcfee27b4639dfee7bd21eb9499fd169bd1f23b323909f732c56b9,04a9fe28036e9050bd05e3100002c74d9ee9171a4ebbe4272ae22ebcf0d775ab,25a9189b9d69c9c108867e90ed45157e946e61f197dcb90115beb228c8d129ad
ZXVAD_C04_MECHANISM_AUDIT_V2_3090_20261009,NC_OFF_s17,NC_OFF,17,1,5000,ped1,7056,NC_GAP,0.4749511381656543,False,False,dfcd3b4b47fcfee27b4639dfee7bd21eb9499fd169bd1f23b323909f732c56b9,04a9fe28036e9050bd05e3100002c74d9ee9171a4ebbe4272ae22ebcf0d775ab,25a9189b9d69c9c108867e90ed45157e946e61f197dcb90115beb228c8d129ad
ZXVAD_C04_MECHANISM_AUDIT_V2_3090_20261009,NC_OFF_s17,NC_OFF,17,1,5000,ped1,7056,LOCAL,0.7161895612621529,False,False,dfcd3b4b47fcfee27b4639dfee7bd21eb9499fd169bd1f23b323909f732c56b9,04a9fe28036e9050bd05e3100002c74d9ee9171a4ebbe4272ae22ebcf0d775ab,25a9189b9d69c9c108867e90ed45157e946e61f197dcb90115beb228c8d129ad
ZXVAD_C04_MECHANISM_AUDIT_V2_3090_20261009,NC_OFF_s17,NC_OFF,17,1,5000,ped1,7056,FUSION,0.7412656991926685,False,False,dfcd3b4b47fcfee27b4639dfee7bd21eb9499fd169bd1f23b323909f732c56b9,04a9fe28036e9050bd05e3100002c74d9ee9171a4ebbe4272ae22ebcf0d775ab,25a9189b9d69c9c108867e90ed45157e946e61f197dcb90115beb228c8d129ad
ZXVAD_C04_MECHANISM_AUDIT_V2_3090_20261009,NC_OFF_s17,NC_OFF,17,1,5000,ped1,7056,PSNR_FROZEN,0.7250114768161771,False,False,dfcd3b4b47fcfee27b4639dfee7bd21eb9499fd169bd1f23b323909f732c56b9,04a9fe28036e9050bd05e3100002c74d9ee9171a4ebbe4272ae22ebcf0d775ab,25a9189b9d69c9c108867e90ed45157e946e61f197dcb90115beb228c8d129ad
ZXVAD_C04_MECHANISM_AUDIT_V2_3090_20261009,NC_OFF_s17,NC_OFF,17,1,5000,ped1,7056,FUSION_FROZEN,0.7204808640805547,False,False,dfcd3b4b47fcfee27b4639dfee7bd21eb9499fd169bd1f23b323909f732c56b9,04a9fe28036e9050bd05e3100002c74d9ee9171a4ebbe4272ae22ebcf0d775ab,25a9189b9d69c9c108867e90ed45157e946e61f197dcb90115beb228c8d129ad
ZXVAD_C04_MECHANISM_AUDIT_V2_3090_20261009,NC_OFF_s17,NC_OFF,17,1,5000,ped2,1962,PSNR,0.8575906071763771,True,False,70ecd5b49af0baeb5aa0e653f88641c0d830ab3c611d3ba95c9a0fbbf49a386d,04a9fe28036e9050bd05e3100002c74d9ee9171a4ebbe4272ae22ebcf0d775ab,25a9189b9d69c9c108867e90ed45157e946e61f197dcb90115beb228c8d129ad
ZXVAD_C04_MECHANISM_AUDIT_V2_3090_20261009,NC_OFF_s17,NC_OFF,17,1,5000,ped2,1962,NC,0.6204642264096455,False,False,70ecd5b49af0baeb5aa0e653f88641c0d830ab3c611d3ba95c9a0fbbf49a386d,04a9fe28036e9050bd05e3100002c74d9ee9171a4ebbe4272ae22ebcf0d775ab,25a9189b9d69c9c108867e90ed45157e946e61f197dcb90115beb228c8d129ad
ZXVAD_C04_MECHANISM_AUDIT_V2_3090_20261009,NC_OFF_s17,NC_OFF,17,1,5000,ped2,1962,NC_GAP,0.3554463576637066,False,False,70ecd5b49af0baeb5aa0e653f88641c0d830ab3c611d3ba95c9a0fbbf49a386d,04a9fe28036e9050bd05e3100002c74d9ee9171a4ebbe4272ae22ebcf0d775ab,25a9189b9d69c9c108867e90ed45157e946e61f197dcb90115beb228c8d129ad
ZXVAD_C04_MECHANISM_AUDIT_V2_3090_20261009,NC_OFF_s17,NC_OFF,17,1,5000,ped2,1962,LOCAL,0.8542379611580392,False,False,70ecd5b49af0baeb5aa0e653f88641c0d830ab3c611d3ba95c9a0fbbf49a386d,04a9fe28036e9050bd05e3100002c74d9ee9171a4ebbe4272ae22ebcf0d775ab,25a9189b9d69c9c108867e90ed45157e946e61f197dcb90115beb228c8d129ad
ZXVAD_C04_MECHANISM_AUDIT_V2_3090_20261009,NC_OFF_s17,NC_OFF,17,1,5000,ped2,1962,FUSION,0.859796224099343,False,False,70ecd5b49af0baeb5aa0e653f88641c0d830ab3c611d3ba95c9a0fbbf49a386d,04a9fe28036e9050bd05e3100002c74d9ee9171a4ebbe4272ae22ebcf0d775ab,25a9189b9d69c9c108867e90ed45157e946e61f197dcb90115beb228c8d129ad
ZXVAD_C04_MECHANISM_AUDIT_V2_3090_20261009,NC_OFF_s17,NC_OFF,17,1,5000,ped2,1962,PSNR_FROZEN,0.7372608475922316,False,False,70ecd5b49af0baeb5aa0e653f88641c0d830ab3c611d3ba95c9a0fbbf49a386d,04a9fe28036e9050bd05e3100002c74d9ee9171a4ebbe4272ae22ebcf0d775ab,25a9189b9d69c9c108867e90ed45157e946e61f197dcb90115beb228c8d129ad
ZXVAD_C04_MECHANISM_AUDIT_V2_3090_20261009,NC_OFF_s17,NC_OFF,17,1,5000,ped2,1962,FUSION_FROZEN,0.7194119558154646,False,False,70ecd5b49af0baeb5aa0e653f88641c0d830ab3c611d3ba95c9a0fbbf49a386d,04a9fe28036e9050bd05e3100002c74d9ee9171a4ebbe4272ae22ebcf0d775ab,25a9189b9d69c9c108867e90ed45157e946e61f197dcb90115beb228c8d129ad
ZXVAD_C04_MECHANISM_AUDIT_V2_3090_20261009,NC_OFF_s17,NC_OFF,17,1,5000,avenue,15240,PSNR,0.8366231205208675,True,False,d16f960675108d116e8bc02717f02c4ed720c0c6a97c014126bd64148ae6e2e5,04a9fe28036e9050bd05e3100002c74d9ee9171a4ebbe4272ae22ebcf0d775ab,25a9189b9d69c9c108867e90ed45157e946e61f197dcb90115beb228c8d129ad
ZXVAD_C04_MECHANISM_AUDIT_V2_3090_20261009,NC_OFF_s17,NC_OFF,17,1,5000,avenue,15240,NC,0.6928262916295845,False,False,d16f960675108d116e8bc02717f02c4ed720c0c6a97c014126bd64148ae6e2e5,04a9fe28036e9050bd05e3100002c74d9ee9171a4ebbe4272ae22ebcf0d775ab,25a9189b9d69c9c108867e90ed45157e946e61f197dcb90115beb228c8d129ad
ZXVAD_C04_MECHANISM_AUDIT_V2_3090_20261009,NC_OFF_s17,NC_OFF,17,1,5000,avenue,15240,NC_GAP,0.3844392243196403,False,False,d16f960675108d116e8bc02717f02c4ed720c0c6a97c014126bd64148ae6e2e5,04a9fe28036e9050bd05e3100002c74d9ee9171a4ebbe4272ae22ebcf0d775ab,25a9189b9d69c9c108867e90ed45157e946e61f197dcb90115beb228c8d129ad
ZXVAD_C04_MECHANISM_AUDIT_V2_3090_20261009,NC_OFF_s17,NC_OFF,17,1,5000,avenue,15240,LOCAL,0.8327051149936765,False,False,d16f960675108d116e8bc02717f02c4ed720c0c6a97c014126bd64148ae6e2e5,04a9fe28036e9050bd05e3100002c74d9ee9171a4ebbe4272ae22ebcf0d775ab,25a9189b9d69c9c108867e90ed45157e946e61f197dcb90115beb228c8d129ad
ZXVAD_C04_MECHANISM_AUDIT_V2_3090_20261009,NC_OFF_s17,NC_OFF,17,1,5000,avenue,15240,FUSION,0.8442624947304324,False,False,d16f960675108d116e8bc02717f02c4ed720c0c6a97c014126bd64148ae6e2e5,04a9fe28036e9050bd05e3100002c74d9ee9171a4ebbe4272ae22ebcf0d775ab,25a9189b9d69c9c108867e90ed45157e946e61f197dcb90115beb228c8d129ad
ZXVAD_C04_MECHANISM_AUDIT_V2_3090_20261009,NC_OFF_s17,NC_OFF,17,1,5000,avenue,15240,PSNR_FROZEN,0.8599706894936531,False,False,d16f960675108d116e8bc02717f02c4ed720c0c6a97c014126bd64148ae6e2e5,04a9fe28036e9050bd05e3100002c74d9ee9171a4ebbe4272ae22ebcf0d775ab,25a9189b9d69c9c108867e90ed45157e946e61f197dcb90115beb228c8d129ad
ZXVAD_C04_MECHANISM_AUDIT_V2_3090_20261009,NC_OFF_s17,NC_OFF,17,1,5000,avenue,15240,FUSION_FROZEN,0.8674991100285727,False,False,d16f960675108d116e8bc02717f02c4ed720c0c6a97c014126bd64148ae6e2e5,04a9fe28036e9050bd05e3100002c74d9ee9171a4ebbe4272ae22ebcf0d775ab,25a9189b9d69c9c108867e90ed45157e946e61f197dcb90115beb228c8d129ad
ZXVAD_C04_MECHANISM_AUDIT_V2_3090_20261009,CF_PHOTO_A20_P25_s17,CF_PHOTO_A20_P25,17,1,5000,ped1,7056,PSNR,0.7563904785405007,True,False,2aab004834753a3c6bf804bae5ae984348f3db70efcef05d9dbd1182e61ef9d4,04a9fe28036e9050bd05e3100002c74d9ee9171a4ebbe4272ae22ebcf0d775ab,d9a9f4d8f15874eb47c8f1191bad5a8b382f8b4ea9a79df9a2a8851f2f642f2a
ZXVAD_C04_MECHANISM_AUDIT_V2_3090_20261009,CF_PHOTO_A20_P25_s17,CF_PHOTO_A20_P25,17,1,5000,ped1,7056,NC,0.551456703020891,False,False,2aab004834753a3c6bf804bae5ae984348f3db70efcef05d9dbd1182e61ef9d4,04a9fe28036e9050bd05e3100002c74d9ee9171a4ebbe4272ae22ebcf0d775ab,d9a9f4d8f15874eb47c8f1191bad5a8b382f8b4ea9a79df9a2a8851f2f642f2a
ZXVAD_C04_MECHANISM_AUDIT_V2_3090_20261009,CF_PHOTO_A20_P25_s17,CF_PHOTO_A20_P25,17,1,5000,ped1,7056,NC_GAP,0.5283326257360559,False,False,2aab004834753a3c6bf804bae5ae984348f3db70efcef05d9dbd1182e61ef9d4,04a9fe28036e9050bd05e3100002c74d9ee9171a4ebbe4272ae22ebcf0d775ab,d9a9f4d8f15874eb47c8f1191bad5a8b382f8b4ea9a79df9a2a8851f2f642f2a
ZXVAD_C04_MECHANISM_AUDIT_V2_3090_20261009,CF_PHOTO_A20_P25_s17,CF_PHOTO_A20_P25,17,1,5000,ped1,7056,LOCAL,0.7277101336954007,False,False,2aab004834753a3c6bf804bae5ae984348f3db70efcef05d9dbd1182e61ef9d4,04a9fe28036e9050bd05e3100002c74d9ee9171a4ebbe4272ae22ebcf0d775ab,d9a9f4d8f15874eb47c8f1191bad5a8b382f8b4ea9a79df9a2a8851f2f642f2a
ZXVAD_C04_MECHANISM_AUDIT_V2_3090_20261009,CF_PHOTO_A20_P25_s17,CF_PHOTO_A20_P25,17,1,5000,ped1,7056,FUSION,0.7626345371974388,False,False,2aab004834753a3c6bf804bae5ae984348f3db70efcef05d9dbd1182e61ef9d4,04a9fe28036e9050bd05e3100002c74d9ee9171a4ebbe4272ae22ebcf0d775ab,d9a9f4d8f15874eb47c8f1191bad5a8b382f8b4ea9a79df9a2a8851f2f642f2a
ZXVAD_C04_MECHANISM_AUDIT_V2_3090_20261009,CF_PHOTO_A20_P25_s17,CF_PHOTO_A20_P25,17,1,5000,ped1,7056,PSNR_FROZEN,0.7370547524896697,False,False,2aab004834753a3c6bf804bae5ae984348f3db70efcef05d9dbd1182e61ef9d4,04a9fe28036e9050bd05e3100002c74d9ee9171a4ebbe4272ae22ebcf0d775ab,d9a9f4d8f15874eb47c8f1191bad5a8b382f8b4ea9a79df9a2a8851f2f642f2a
ZXVAD_C04_MECHANISM_AUDIT_V2_3090_20261009,CF_PHOTO_A20_P25_s17,CF_PHOTO_A20_P25,17,1,5000,ped1,7056,FUSION_FROZEN,0.7356245363165885,False,False,2aab004834753a3c6bf804bae5ae984348f3db70efcef05d9dbd1182e61ef9d4,04a9fe28036e9050bd05e3100002c74d9ee9171a4ebbe4272ae22ebcf0d775ab,d9a9f4d8f15874eb47c8f1191bad5a8b382f8b4ea9a79df9a2a8851f2f642f2a
ZXVAD_C04_MECHANISM_AUDIT_V2_3090_20261009,CF_PHOTO_A20_P25_s17,CF_PHOTO_A20_P25,17,1,5000,ped2,1962,PSNR,0.9080734243014945,True,False,a9268d91c70ee2c2c5a364c6f2076a34ad8f0a41f89f3a6f172d2695ebbbaa06,04a9fe28036e9050bd05e3100002c74d9ee9171a4ebbe4272ae22ebcf0d775ab,d9a9f4d8f15874eb47c8f1191bad5a8b382f8b4ea9a79df9a2a8851f2f642f2a
ZXVAD_C04_MECHANISM_AUDIT_V2_3090_20261009,CF_PHOTO_A20_P25_s17,CF_PHOTO_A20_P25,17,1,5000,ped2,1962,NC,0.5843413832936251,False,False,a9268d91c70ee2c2c5a364c6f2076a34ad8f0a41f89f3a6f172d2695ebbbaa06,04a9fe28036e9050bd05e3100002c74d9ee9171a4ebbe4272ae22ebcf0d775ab,d9a9f4d8f15874eb47c8f1191bad5a8b382f8b4ea9a79df9a2a8851f2f642f2a
ZXVAD_C04_MECHANISM_AUDIT_V2_3090_20261009,CF_PHOTO_A20_P25_s17,CF_PHOTO_A20_P25,17,1,5000,ped2,1962,NC_GAP,0.5007373113854595,False,False,a9268d91c70ee2c2c5a364c6f2076a34ad8f0a41f89f3a6f172d2695ebbbaa06,04a9fe28036e9050bd05e3100002c74d9ee9171a4ebbe4272ae22ebcf0d775ab,d9a9f4d8f15874eb47c8f1191bad5a8b382f8b4ea9a79df9a2a8851f2f642f2a
ZXVAD_C04_MECHANISM_AUDIT_V2_3090_20261009,CF_PHOTO_A20_P25_s17,CF_PHOTO_A20_P25,17,1,5000,ped2,1962,LOCAL,0.8933335138257166,False,False,a9268d91c70ee2c2c5a364c6f2076a34ad8f0a41f89f3a6f172d2695ebbbaa06,04a9fe28036e9050bd05e3100002c74d9ee9171a4ebbe4272ae22ebcf0d775ab,d9a9f4d8f15874eb47c8f1191bad5a8b382f8b4ea9a79df9a2a8851f2f642f2a
ZXVAD_C04_MECHANISM_AUDIT_V2_3090_20261009,CF_PHOTO_A20_P25_s17,CF_PHOTO_A20_P25,17,1,5000,ped2,1962,FUSION,0.8793390368926431,False,False,a9268d91c70ee2c2c5a364c6f2076a34ad8f0a41f89f3a6f172d2695ebbbaa06,04a9fe28036e9050bd05e3100002c74d9ee9171a4ebbe4272ae22ebcf0d775ab,d9a9f4d8f15874eb47c8f1191bad5a8b382f8b4ea9a79df9a2a8851f2f642f2a
ZXVAD_C04_MECHANISM_AUDIT_V2_3090_20261009,CF_PHOTO_A20_P25_s17,CF_PHOTO_A20_P25,17,1,5000,ped2,1962,PSNR_FROZEN,0.7925555916540322,False,False,a9268d91c70ee2c2c5a364c6f2076a34ad8f0a41f89f3a6f172d2695ebbbaa06,04a9fe28036e9050bd05e3100002c74d9ee9171a4ebbe4272ae22ebcf0d775ab,d9a9f4d8f15874eb47c8f1191bad5a8b382f8b4ea9a79df9a2a8851f2f642f2a
ZXVAD_C04_MECHANISM_AUDIT_V2_3090_20261009,CF_PHOTO_A20_P25_s17,CF_PHOTO_A20_P25,17,1,5000,ped2,1962,FUSION_FROZEN,0.7747924337592954,False,False,a9268d91c70ee2c2c5a364c6f2076a34ad8f0a41f89f3a6f172d2695ebbbaa06,04a9fe28036e9050bd05e3100002c74d9ee9171a4ebbe4272ae22ebcf0d775ab,d9a9f4d8f15874eb47c8f1191bad5a8b382f8b4ea9a79df9a2a8851f2f642f2a
ZXVAD_C04_MECHANISM_AUDIT_V2_3090_20261009,CF_PHOTO_A20_P25_s17,CF_PHOTO_A20_P25,17,1,5000,avenue,15240,PSNR,0.843435488781676,True,False,cb7093c0e9e6cac2200f514b30947d2cb662ece933dec929d73cd487f479353d,04a9fe28036e9050bd05e3100002c74d9ee9171a4ebbe4272ae22ebcf0d775ab,d9a9f4d8f15874eb47c8f1191bad5a8b382f8b4ea9a79df9a2a8851f2f642f2a
ZXVAD_C04_MECHANISM_AUDIT_V2_3090_20261009,CF_PHOTO_A20_P25_s17,CF_PHOTO_A20_P25,17,1,5000,avenue,15240,NC,0.5941464002997798,False,False,cb7093c0e9e6cac2200f514b30947d2cb662ece933dec929d73cd487f479353d,04a9fe28036e9050bd05e3100002c74d9ee9171a4ebbe4272ae22ebcf0d775ab,d9a9f4d8f15874eb47c8f1191bad5a8b382f8b4ea9a79df9a2a8851f2f642f2a
ZXVAD_C04_MECHANISM_AUDIT_V2_3090_20261009,CF_PHOTO_A20_P25_s17,CF_PHOTO_A20_P25,17,1,5000,avenue,15240,NC_GAP,0.4991108717035927,False,False,cb7093c0e9e6cac2200f514b30947d2cb662ece933dec929d73cd487f479353d,04a9fe28036e9050bd05e3100002c74d9ee9171a4ebbe4272ae22ebcf0d775ab,d9a9f4d8f15874eb47c8f1191bad5a8b382f8b4ea9a79df9a2a8851f2f642f2a
ZXVAD_C04_MECHANISM_AUDIT_V2_3090_20261009,CF_PHOTO_A20_P25_s17,CF_PHOTO_A20_P25,17,1,5000,avenue,15240,LOCAL,0.8413400861867066,False,False,cb7093c0e9e6cac2200f514b30947d2cb662ece933dec929d73cd487f479353d,04a9fe28036e9050bd05e3100002c74d9ee9171a4ebbe4272ae22ebcf0d775ab,d9a9f4d8f15874eb47c8f1191bad5a8b382f8b4ea9a79df9a2a8851f2f642f2a
ZXVAD_C04_MECHANISM_AUDIT_V2_3090_20261009,CF_PHOTO_A20_P25_s17,CF_PHOTO_A20_P25,17,1,5000,avenue,15240,FUSION,0.8381764485455994,False,False,cb7093c0e9e6cac2200f514b30947d2cb662ece933dec929d73cd487f479353d,04a9fe28036e9050bd05e3100002c74d9ee9171a4ebbe4272ae22ebcf0d775ab,d9a9f4d8f15874eb47c8f1191bad5a8b382f8b4ea9a79df9a2a8851f2f642f2a
ZXVAD_C04_MECHANISM_AUDIT_V2_3090_20261009,CF_PHOTO_A20_P25_s17,CF_PHOTO_A20_P25,17,1,5000,avenue,15240,PSNR_FROZEN,0.8734056278982623,False,False,cb7093c0e9e6cac2200f514b30947d2cb662ece933dec929d73cd487f479353d,04a9fe28036e9050bd05e3100002c74d9ee9171a4ebbe4272ae22ebcf0d775ab,d9a9f4d8f15874eb47c8f1191bad5a8b382f8b4ea9a79df9a2a8851f2f642f2a
ZXVAD_C04_MECHANISM_AUDIT_V2_3090_20261009,CF_PHOTO_A20_P25_s17,CF_PHOTO_A20_P25,17,1,5000,avenue,15240,FUSION_FROZEN,0.8850136071947163,False,False,cb7093c0e9e6cac2200f514b30947d2cb662ece933dec929d73cd487f479353d,04a9fe28036e9050bd05e3100002c74d9ee9171a4ebbe4272ae22ebcf0d775ab,d9a9f4d8f15874eb47c8f1191bad5a8b382f8b4ea9a79df9a2a8851f2f642f2a
ZXVAD_C04_MECHANISM_AUDIT_V2_3090_20261009,CF_NOISE_A20_P25_s17,CF_NOISE_A20_P25,17,1,5000,ped1,7056,PSNR,0.7414404379616847,True,False,aa72db17ceaa845bd63bfd4bedab8a4308e8ebbd3d9143c833621ef914c3622f,04a9fe28036e9050bd05e3100002c74d9ee9171a4ebbe4272ae22ebcf0d775ab,27e81d1759f75c667e1d85ad1afc0d93d62c6582ef080ce15e142ce684e4d6d2
ZXVAD_C04_MECHANISM_AUDIT_V2_3090_20261009,CF_NOISE_A20_P25_s17,CF_NOISE_A20_P25,17,1,5000,ped1,7056,NC,0.4333639245452396,False,False,aa72db17ceaa845bd63bfd4bedab8a4308e8ebbd3d9143c833621ef914c3622f,04a9fe28036e9050bd05e3100002c74d9ee9171a4ebbe4272ae22ebcf0d775ab,27e81d1759f75c667e1d85ad1afc0d93d62c6582ef080ce15e142ce684e4d6d2
ZXVAD_C04_MECHANISM_AUDIT_V2_3090_20261009,CF_NOISE_A20_P25_s17,CF_NOISE_A20_P25,17,1,5000,ped1,7056,NC_GAP,0.494104764581936,False,False,aa72db17ceaa845bd63bfd4bedab8a4308e8ebbd3d9143c833621ef914c3622f,04a9fe28036e9050bd05e3100002c74d9ee9171a4ebbe4272ae22ebcf0d775ab,27e81d1759f75c667e1d85ad1afc0d93d62c6582ef080ce15e142ce684e4d6d2
ZXVAD_C04_MECHANISM_AUDIT_V2_3090_20261009,CF_NOISE_A20_P25_s17,CF_NOISE_A20_P25,17,1,5000,ped1,7056,LOCAL,0.717349102052103,False,False,aa72db17ceaa845bd63bfd4bedab8a4308e8ebbd3d9143c833621ef914c3622f,04a9fe28036e9050bd05e3100002c74d9ee9171a4ebbe4272ae22ebcf0d775ab,27e81d1759f75c667e1d85ad1afc0d93d62c6582ef080ce15e142ce684e4d6d2
ZXVAD_C04_MECHANISM_AUDIT_V2_3090_20261009,CF_NOISE_A20_P25_s17,CF_NOISE_A20_P25,17,1,5000,ped1,7056,FUSION,0.7436849703312136,False,False,aa72db17ceaa845bd63bfd4bedab8a4308e8ebbd3d9143c833621ef914c3622f,04a9fe28036e9050bd05e3100002c74d9ee9171a4ebbe4272ae22ebcf0d775ab,27e81d1759f75c667e1d85ad1afc0d93d62c6582ef080ce15e142ce684e4d6d2
ZXVAD_C04_MECHANISM_AUDIT_V2_3090_20261009,CF_NOISE_A20_P25_s17,CF_NOISE_A20_P25,17,1,5000,ped1,7056,PSNR_FROZEN,0.7205338214186956,False,False,aa72db17ceaa845bd63bfd4bedab8a4308e8ebbd3d9143c833621ef914c3622f,04a9fe28036e9050bd05e3100002c74d9ee9171a4ebbe4272ae22ebcf0d775ab,27e81d1759f75c667e1d85ad1afc0d93d62c6582ef080ce15e142ce684e4d6d2
ZXVAD_C04_MECHANISM_AUDIT_V2_3090_20261009,CF_NOISE_A20_P25_s17,CF_NOISE_A20_P25,17,1,5000,ped1,7056,FUSION_FROZEN,0.7189439971446385,False,False,aa72db17ceaa845bd63bfd4bedab8a4308e8ebbd3d9143c833621ef914c3622f,04a9fe28036e9050bd05e3100002c74d9ee9171a4ebbe4272ae22ebcf0d775ab,27e81d1759f75c667e1d85ad1afc0d93d62c6582ef080ce15e142ce684e4d6d2
ZXVAD_C04_MECHANISM_AUDIT_V2_3090_20261009,CF_NOISE_A20_P25_s17,CF_NOISE_A20_P25,17,1,5000,ped2,1962,PSNR,0.9000045123095806,True,False,9faf17b0be50b89adfb0179bf28e42dce723c0fd5d8449de4a3d8b55ba0d15f0,04a9fe28036e9050bd05e3100002c74d9ee9171a4ebbe4272ae22ebcf0d775ab,27e81d1759f75c667e1d85ad1afc0d93d62c6582ef080ce15e142ce684e4d6d2
ZXVAD_C04_MECHANISM_AUDIT_V2_3090_20261009,CF_NOISE_A20_P25_s17,CF_NOISE_A20_P25,17,1,5000,ped2,1962,NC,0.4467312829398599,False,False,9faf17b0be50b89adfb0179bf28e42dce723c0fd5d8449de4a3d8b55ba0d15f0,04a9fe28036e9050bd05e3100002c74d9ee9171a4ebbe4272ae22ebcf0d775ab,27e81d1759f75c667e1d85ad1afc0d93d62c6582ef080ce15e142ce684e4d6d2
ZXVAD_C04_MECHANISM_AUDIT_V2_3090_20261009,CF_NOISE_A20_P25_s17,CF_NOISE_A20_P25,17,1,5000,ped2,1962,NC_GAP,0.41023301566673886,False,False,9faf17b0be50b89adfb0179bf28e42dce723c0fd5d8449de4a3d8b55ba0d15f0,04a9fe28036e9050bd05e3100002c74d9ee9171a4ebbe4272ae22ebcf0d775ab,27e81d1759f75c667e1d85ad1afc0d93d62c6582ef080ce15e142ce684e4d6d2
ZXVAD_C04_MECHANISM_AUDIT_V2_3090_20261009,CF_NOISE_A20_P25_s17,CF_NOISE_A20_P25,17,1,5000,ped2,1962,LOCAL,0.8821881091617934,False,False,9faf17b0be50b89adfb0179bf28e42dce723c0fd5d8449de4a3d8b55ba0d15f0,04a9fe28036e9050bd05e3100002c74d9ee9171a4ebbe4272ae22ebcf0d775ab,27e81d1759f75c667e1d85ad1afc0d93d62c6582ef080ce15e142ce684e4d6d2
ZXVAD_C04_MECHANISM_AUDIT_V2_3090_20261009,CF_NOISE_A20_P25_s17,CF_NOISE_A20_P25,17,1,5000,ped2,1962,FUSION,0.898711284383799,False,False,9faf17b0be50b89adfb0179bf28e42dce723c0fd5d8449de4a3d8b55ba0d15f0,04a9fe28036e9050bd05e3100002c74d9ee9171a4ebbe4272ae22ebcf0d775ab,27e81d1759f75c667e1d85ad1afc0d93d62c6582ef080ce15e142ce684e4d6d2
ZXVAD_C04_MECHANISM_AUDIT_V2_3090_20261009,CF_NOISE_A20_P25_s17,CF_NOISE_A20_P25,17,1,5000,ped2,1962,PSNR_FROZEN,0.7631831636704931,False,False,9faf17b0be50b89adfb0179bf28e42dce723c0fd5d8449de4a3d8b55ba0d15f0,04a9fe28036e9050bd05e3100002c74d9ee9171a4ebbe4272ae22ebcf0d775ab,27e81d1759f75c667e1d85ad1afc0d93d62c6582ef080ce15e142ce684e4d6d2
ZXVAD_C04_MECHANISM_AUDIT_V2_3090_20261009,CF_NOISE_A20_P25_s17,CF_NOISE_A20_P25,17,1,5000,ped2,1962,FUSION_FROZEN,0.739589199335788,False,False,9faf17b0be50b89adfb0179bf28e42dce723c0fd5d8449de4a3d8b55ba0d15f0,04a9fe28036e9050bd05e3100002c74d9ee9171a4ebbe4272ae22ebcf0d775ab,27e81d1759f75c667e1d85ad1afc0d93d62c6582ef080ce15e142ce684e4d6d2
ZXVAD_C04_MECHANISM_AUDIT_V2_3090_20261009,CF_NOISE_A20_P25_s17,CF_NOISE_A20_P25,17,1,5000,avenue,15240,PSNR,0.8441090800505878,True,False,f26f6abd80fe9ede935884cc553dc9fb46b3803696b805b672cd7dbb4d3357a4,04a9fe28036e9050bd05e3100002c74d9ee9171a4ebbe4272ae22ebcf0d775ab,27e81d1759f75c667e1d85ad1afc0d93d62c6582ef080ce15e142ce684e4d6d2
ZXVAD_C04_MECHANISM_AUDIT_V2_3090_20261009,CF_NOISE_A20_P25_s17,CF_NOISE_A20_P25,17,1,5000,avenue,15240,NC,0.5671670570050119,False,False,f26f6abd80fe9ede935884cc553dc9fb46b3803696b805b672cd7dbb4d3357a4,04a9fe28036e9050bd05e3100002c74d9ee9171a4ebbe4272ae22ebcf0d775ab,27e81d1759f75c667e1d85ad1afc0d93d62c6582ef080ce15e142ce684e4d6d2
ZXVAD_C04_MECHANISM_AUDIT_V2_3090_20261009,CF_NOISE_A20_P25_s17,CF_NOISE_A20_P25,17,1,5000,avenue,15240,NC_GAP,0.5096777015316877,False,False,f26f6abd80fe9ede935884cc553dc9fb46b3803696b805b672cd7dbb4d3357a4,04a9fe28036e9050bd05e3100002c74d9ee9171a4ebbe4272ae22ebcf0d775ab,27e81d1759f75c667e1d85ad1afc0d93d62c6582ef080ce15e142ce684e4d6d2
ZXVAD_C04_MECHANISM_AUDIT_V2_3090_20261009,CF_NOISE_A20_P25_s17,CF_NOISE_A20_P25,17,1,5000,avenue,15240,LOCAL,0.8409748700173311,False,False,f26f6abd80fe9ede935884cc553dc9fb46b3803696b805b672cd7dbb4d3357a4,04a9fe28036e9050bd05e3100002c74d9ee9171a4ebbe4272ae22ebcf0d775ab,27e81d1759f75c667e1d85ad1afc0d93d62c6582ef080ce15e142ce684e4d6d2
ZXVAD_C04_MECHANISM_AUDIT_V2_3090_20261009,CF_NOISE_A20_P25_s17,CF_NOISE_A20_P25,17,1,5000,avenue,15240,FUSION,0.8460470513841398,False,False,f26f6abd80fe9ede935884cc553dc9fb46b3803696b805b672cd7dbb4d3357a4,04a9fe28036e9050bd05e3100002c74d9ee9171a4ebbe4272ae22ebcf0d775ab,27e81d1759f75c667e1d85ad1afc0d93d62c6582ef080ce15e142ce684e4d6d2
ZXVAD_C04_MECHANISM_AUDIT_V2_3090_20261009,CF_NOISE_A20_P25_s17,CF_NOISE_A20_P25,17,1,5000,avenue,15240,PSNR_FROZEN,0.8574806782519088,False,False,f26f6abd80fe9ede935884cc553dc9fb46b3803696b805b672cd7dbb4d3357a4,04a9fe28036e9050bd05e3100002c74d9ee9171a4ebbe4272ae22ebcf0d775ab,27e81d1759f75c667e1d85ad1afc0d93d62c6582ef080ce15e142ce684e4d6d2
ZXVAD_C04_MECHANISM_AUDIT_V2_3090_20261009,CF_NOISE_A20_P25_s17,CF_NOISE_A20_P25,17,1,5000,avenue,15240,FUSION_FROZEN,0.8763658719377957,False,False,f26f6abd80fe9ede935884cc553dc9fb46b3803696b805b672cd7dbb4d3357a4,04a9fe28036e9050bd05e3100002c74d9ee9171a4ebbe4272ae22ebcf0d775ab,27e81d1759f75c667e1d85ad1afc0d93d62c6582ef080ce15e142ce684e4d6d2
ZXVAD_C04_MECHANISM_AUDIT_V2_3090_20261009,CF_SELF_A20_P25_s17,CF_SELF_A20_P25,17,1,5000,ped1,7056,PSNR,0.7788138832139796,True,False,1a669101d0926f29b7c5979a9948884e65b97fcf29cff44e72decd405df67934,04a9fe28036e9050bd05e3100002c74d9ee9171a4ebbe4272ae22ebcf0d775ab,bf734538206d1c7f6f27e99ca208c313e6c78cac20aa34b35ad3f2b7189005ac
ZXVAD_C04_MECHANISM_AUDIT_V2_3090_20261009,CF_SELF_A20_P25_s17,CF_SELF_A20_P25,17,1,5000,ped1,7056,NC,0.429315121352456,False,False,1a669101d0926f29b7c5979a9948884e65b97fcf29cff44e72decd405df67934,04a9fe28036e9050bd05e3100002c74d9ee9171a4ebbe4272ae22ebcf0d775ab,bf734538206d1c7f6f27e99ca208c313e6c78cac20aa34b35ad3f2b7189005ac
ZXVAD_C04_MECHANISM_AUDIT_V2_3090_20261009,CF_SELF_A20_P25_s17,CF_SELF_A20_P25,17,1,5000,ped1,7056,NC_GAP,0.4681437279332497,False,False,1a669101d0926f29b7c5979a9948884e65b97fcf29cff44e72decd405df67934,04a9fe28036e9050bd05e3100002c74d9ee9171a4ebbe4272ae22ebcf0d775ab,bf734538206d1c7f6f27e99ca208c313e6c78cac20aa34b35ad3f2b7189005ac
ZXVAD_C04_MECHANISM_AUDIT_V2_3090_20261009,CF_SELF_A20_P25_s17,CF_SELF_A20_P25,17,1,5000,ped1,7056,LOCAL,0.7550123609379149,False,False,1a669101d0926f29b7c5979a9948884e65b97fcf29cff44e72decd405df67934,04a9fe28036e9050bd05e3100002c74d9ee9171a4ebbe4272ae22ebcf0d775ab,bf734538206d1c7f6f27e99ca208c313e6c78cac20aa34b35ad3f2b7189005ac
ZXVAD_C04_MECHANISM_AUDIT_V2_3090_20261009,CF_SELF_A20_P25_s17,CF_SELF_A20_P25,17,1,5000,ped1,7056,FUSION,0.7781025373476005,False,False,1a669101d0926f29b7c5979a9948884e65b97fcf29cff44e72decd405df67934,04a9fe28036e9050bd05e3100002c74d9ee9171a4ebbe4272ae22ebcf0d775ab,bf734538206d1c7f6f27e99ca208c313e6c78cac20aa34b35ad3f2b7189005ac
ZXVAD_C04_MECHANISM_AUDIT_V2_3090_20261009,CF_SELF_A20_P25_s17,CF_SELF_A20_P25,17,1,5000,ped1,7056,PSNR_FROZEN,0.7498542753092934,False,False,1a669101d0926f29b7c5979a9948884e65b97fcf29cff44e72decd405df67934,04a9fe28036e9050bd05e3100002c74d9ee9171a4ebbe4272ae22ebcf0d775ab,bf734538206d1c7f6f27e99ca208c313e6c78cac20aa34b35ad3f2b7189005ac
ZXVAD_C04_MECHANISM_AUDIT_V2_3090_20261009,CF_SELF_A20_P25_s17,CF_SELF_A20_P25,17,1,5000,ped1,7056,FUSION_FROZEN,0.7488044114157865,False,False,1a669101d0926f29b7c5979a9948884e65b97fcf29cff44e72decd405df67934,04a9fe28036e9050bd05e3100002c74d9ee9171a4ebbe4272ae22ebcf0d775ab,bf734538206d1c7f6f27e99ca208c313e6c78cac20aa34b35ad3f2b7189005ac
ZXVAD_C04_MECHANISM_AUDIT_V2_3090_20261009,CF_SELF_A20_P25_s17,CF_SELF_A20_P25,17,1,5000,ped2,1962,PSNR,0.9191123384593171,True,False,68c29798e3fa945151337f42351483d81ba68e45299335cf0c6bf27ad5834206,04a9fe28036e9050bd05e3100002c74d9ee9171a4ebbe4272ae22ebcf0d775ab,bf734538206d1c7f6f27e99ca208c313e6c78cac20aa34b35ad3f2b7189005ac
ZXVAD_C04_MECHANISM_AUDIT_V2_3090_20261009,CF_SELF_A20_P25_s17,CF_SELF_A20_P25,17,1,5000,ped2,1962,NC,0.38841509638293265,False,False,68c29798e3fa945151337f42351483d81ba68e45299335cf0c6bf27ad5834206,04a9fe28036e9050bd05e3100002c74d9ee9171a4ebbe4272ae22ebcf0d775ab,bf734538206d1c7f6f27e99ca208c313e6c78cac20aa34b35ad3f2b7189005ac
ZXVAD_C04_MECHANISM_AUDIT_V2_3090_20261009,CF_SELF_A20_P25_s17,CF_SELF_A20_P25,17,1,5000,ped2,1962,NC_GAP,0.4574687748177027,False,False,68c29798e3fa945151337f42351483d81ba68e45299335cf0c6bf27ad5834206,04a9fe28036e9050bd05e3100002c74d9ee9171a4ebbe4272ae22ebcf0d775ab,bf734538206d1c7f6f27e99ca208c313e6c78cac20aa34b35ad3f2b7189005ac
ZXVAD_C04_MECHANISM_AUDIT_V2_3090_20261009,CF_SELF_A20_P25_s17,CF_SELF_A20_P25,17,1,5000,ped2,1962,LOCAL,0.9063271604938271,False,False,68c29798e3fa945151337f42351483d81ba68e45299335cf0c6bf27ad5834206,04a9fe28036e9050bd05e3100002c74d9ee9171a4ebbe4272ae22ebcf0d775ab,bf734538206d1c7f6f27e99ca208c313e6c78cac20aa34b35ad3f2b7189005ac
ZXVAD_C04_MECHANISM_AUDIT_V2_3090_20261009,CF_SELF_A20_P25_s17,CF_SELF_A20_P25,17,1,5000,ped2,1962,FUSION,0.917562811349361,False,False,68c29798e3fa945151337f42351483d81ba68e45299335cf0c6bf27ad5834206,04a9fe28036e9050bd05e3100002c74d9ee9171a4ebbe4272ae22ebcf0d775ab,bf734538206d1c7f6f27e99ca208c313e6c78cac20aa34b35ad3f2b7189005ac
ZXVAD_C04_MECHANISM_AUDIT_V2_3090_20261009,CF_SELF_A20_P25_s17,CF_SELF_A20_P25,17,1,5000,ped2,1962,PSNR_FROZEN,0.808068911991914,False,False,68c29798e3fa945151337f42351483d81ba68e45299335cf0c6bf27ad5834206,04a9fe28036e9050bd05e3100002c74d9ee9171a4ebbe4272ae22ebcf0d775ab,bf734538206d1c7f6f27e99ca208c313e6c78cac20aa34b35ad3f2b7189005ac
ZXVAD_C04_MECHANISM_AUDIT_V2_3090_20261009,CF_SELF_A20_P25_s17,CF_SELF_A20_P25,17,1,5000,ped2,1962,FUSION_FROZEN,0.802030539311241,False,False,68c29798e3fa945151337f42351483d81ba68e45299335cf0c6bf27ad5834206,04a9fe28036e9050bd05e3100002c74d9ee9171a4ebbe4272ae22ebcf0d775ab,bf734538206d1c7f6f27e99ca208c313e6c78cac20aa34b35ad3f2b7189005ac
ZXVAD_C04_MECHANISM_AUDIT_V2_3090_20261009,CF_SELF_A20_P25_s17,CF_SELF_A20_P25,17,1,5000,avenue,15240,PSNR,0.837216930535388,True,False,ac9f6a7396027a06797293b69681bcc18fa7f42b3015fa810d7e0d3b640e5aa4,04a9fe28036e9050bd05e3100002c74d9ee9171a4ebbe4272ae22ebcf0d775ab,bf734538206d1c7f6f27e99ca208c313e6c78cac20aa34b35ad3f2b7189005ac
ZXVAD_C04_MECHANISM_AUDIT_V2_3090_20261009,CF_SELF_A20_P25_s17,CF_SELF_A20_P25,17,1,5000,avenue,15240,NC,0.5386016558152606,False,False,ac9f6a7396027a06797293b69681bcc18fa7f42b3015fa810d7e0d3b640e5aa4,04a9fe28036e9050bd05e3100002c74d9ee9171a4ebbe4272ae22ebcf0d775ab,bf734538206d1c7f6f27e99ca208c313e6c78cac20aa34b35ad3f2b7189005ac
ZXVAD_C04_MECHANISM_AUDIT_V2_3090_20261009,CF_SELF_A20_P25_s17,CF_SELF_A20_P25,17,1,5000,avenue,15240,NC_GAP,0.5751570682467563,False,False,ac9f6a7396027a06797293b69681bcc18fa7f42b3015fa810d7e0d3b640e5aa4,04a9fe28036e9050bd05e3100002c74d9ee9171a4ebbe4272ae22ebcf0d775ab,bf734538206d1c7f6f27e99ca208c313e6c78cac20aa34b35ad3f2b7189005ac
ZXVAD_C04_MECHANISM_AUDIT_V2_3090_20261009,CF_SELF_A20_P25_s17,CF_SELF_A20_P25,17,1,5000,avenue,15240,LOCAL,0.8191109888050963,False,False,ac9f6a7396027a06797293b69681bcc18fa7f42b3015fa810d7e0d3b640e5aa4,04a9fe28036e9050bd05e3100002c74d9ee9171a4ebbe4272ae22ebcf0d775ab,bf734538206d1c7f6f27e99ca208c313e6c78cac20aa34b35ad3f2b7189005ac
ZXVAD_C04_MECHANISM_AUDIT_V2_3090_20261009,CF_SELF_A20_P25_s17,CF_SELF_A20_P25,17,1,5000,avenue,15240,FUSION,0.844738793386107,False,False,ac9f6a7396027a06797293b69681bcc18fa7f42b3015fa810d7e0d3b640e5aa4,04a9fe28036e9050bd05e3100002c74d9ee9171a4ebbe4272ae22ebcf0d775ab,bf734538206d1c7f6f27e99ca208c313e6c78cac20aa34b35ad3f2b7189005ac
ZXVAD_C04_MECHANISM_AUDIT_V2_3090_20261009,CF_SELF_A20_P25_s17,CF_SELF_A20_P25,17,1,5000,avenue,15240,PSNR_FROZEN,0.859497154433463,False,False,ac9f6a7396027a06797293b69681bcc18fa7f42b3015fa810d7e0d3b640e5aa4,04a9fe28036e9050bd05e3100002c74d9ee9171a4ebbe4272ae22ebcf0d775ab,bf734538206d1c7f6f27e99ca208c313e6c78cac20aa34b35ad3f2b7189005ac
ZXVAD_C04_MECHANISM_AUDIT_V2_3090_20261009,CF_SELF_A20_P25_s17,CF_SELF_A20_P25,17,1,5000,avenue,15240,FUSION_FROZEN,0.8657133120989273,False,False,ac9f6a7396027a06797293b69681bcc18fa7f42b3015fa810d7e0d3b640e5aa4,04a9fe28036e9050bd05e3100002c74d9ee9171a4ebbe4272ae22ebcf0d775ab,bf734538206d1c7f6f27e99ca208c313e6c78cac20aa34b35ad3f2b7189005ac
ZXVAD_C04_MECHANISM_AUDIT_V2_3090_20261009,CF_STATIC_A20_P25_s17,CF_STATIC_A20_P25,17,1,5000,ped1,7056,PSNR,0.7558591058364057,True,False,ad677917e2a19d5959c574a4cfb11fb0ea9559d9587a9af95c411043b387643b,04a9fe28036e9050bd05e3100002c74d9ee9171a4ebbe4272ae22ebcf0d775ab,785228547098abfa467b2520ef8769a96f1aa8754dd5f3e342b7280b740cb744
ZXVAD_C04_MECHANISM_AUDIT_V2_3090_20261009,CF_STATIC_A20_P25_s17,CF_STATIC_A20_P25,17,1,5000,ped1,7056,NC,0.4257000367143615,False,False,ad677917e2a19d5959c574a4cfb11fb0ea9559d9587a9af95c411043b387643b,04a9fe28036e9050bd05e3100002c74d9ee9171a4ebbe4272ae22ebcf0d775ab,785228547098abfa467b2520ef8769a96f1aa8754dd5f3e342b7280b740cb744
ZXVAD_C04_MECHANISM_AUDIT_V2_3090_20261009,CF_STATIC_A20_P25_s17,CF_STATIC_A20_P25,17,1,5000,ped1,7056,NC_GAP,0.5009828800171557,False,False,ad677917e2a19d5959c574a4cfb11fb0ea9559d9587a9af95c411043b387643b,04a9fe28036e9050bd05e3100002c74d9ee9171a4ebbe4272ae22ebcf0d775ab,785228547098abfa467b2520ef8769a96f1aa8754dd5f3e342b7280b740cb744
ZXVAD_C04_MECHANISM_AUDIT_V2_3090_20261009,CF_STATIC_A20_P25_s17,CF_STATIC_A20_P25,17,1,5000,ped1,7056,LOCAL,0.7241827660382423,False,False,ad677917e2a19d5959c574a4cfb11fb0ea9559d9587a9af95c411043b387643b,04a9fe28036e9050bd05e3100002c74d9ee9171a4ebbe4272ae22ebcf0d775ab,785228547098abfa467b2520ef8769a96f1aa8754dd5f3e342b7280b740cb744
ZXVAD_C04_MECHANISM_AUDIT_V2_3090_20261009,CF_STATIC_A20_P25_s17,CF_STATIC_A20_P25,17,1,5000,ped1,7056,FUSION,0.7553586487675499,False,False,ad677917e2a19d5959c574a4cfb11fb0ea9559d9587a9af95c411043b387643b,04a9fe28036e9050bd05e3100002c74d9ee9171a4ebbe4272ae22ebcf0d775ab,785228547098abfa467b2520ef8769a96f1aa8754dd5f3e342b7280b740cb744
ZXVAD_C04_MECHANISM_AUDIT_V2_3090_20261009,CF_STATIC_A20_P25_s17,CF_STATIC_A20_P25,17,1,5000,ped1,7056,PSNR_FROZEN,0.7380130553946843,False,False,ad677917e2a19d5959c574a4cfb11fb0ea9559d9587a9af95c411043b387643b,04a9fe28036e9050bd05e3100002c74d9ee9171a4ebbe4272ae22ebcf0d775ab,785228547098abfa467b2520ef8769a96f1aa8754dd5f3e342b7280b740cb744
ZXVAD_C04_MECHANISM_AUDIT_V2_3090_20261009,CF_STATIC_A20_P25_s17,CF_STATIC_A20_P25,17,1,5000,ped1,7056,FUSION_FROZEN,0.7372512875994034,False,False,ad677917e2a19d5959c574a4cfb11fb0ea9559d9587a9af95c411043b387643b,04a9fe28036e9050bd05e3100002c74d9ee9171a4ebbe4272ae22ebcf0d775ab,785228547098abfa467b2520ef8769a96f1aa8754dd5f3e342b7280b740cb744
ZXVAD_C04_MECHANISM_AUDIT_V2_3090_20261009,CF_STATIC_A20_P25_s17,CF_STATIC_A20_P25,17,1,5000,ped2,1962,PSNR,0.9084136524438668,True,False,5596e1a3d484a5f345ba02c9ca5c221ea2879afc2f17ef405d9f8b61448de057,04a9fe28036e9050bd05e3100002c74d9ee9171a4ebbe4272ae22ebcf0d775ab,785228547098abfa467b2520ef8769a96f1aa8754dd5f3e342b7280b740cb744
ZXVAD_C04_MECHANISM_AUDIT_V2_3090_20261009,CF_STATIC_A20_P25_s17,CF_STATIC_A20_P25,17,1,5000,ped2,1962,NC,0.44311511804201864,False,False,5596e1a3d484a5f345ba02c9ca5c221ea2879afc2f17ef405d9f8b61448de057,04a9fe28036e9050bd05e3100002c74d9ee9171a4ebbe4272ae22ebcf0d775ab,785228547098abfa467b2520ef8769a96f1aa8754dd5f3e342b7280b740cb744
ZXVAD_C04_MECHANISM_AUDIT_V2_3090_20261009,CF_STATIC_A20_P25_s17,CF_STATIC_A20_P25,17,1,5000,ped2,1962,NC_GAP,0.4845164609053498,False,False,5596e1a3d484a5f345ba02c9ca5c221ea2879afc2f17ef405d9f8b61448de057,04a9fe28036e9050bd05e3100002c74d9ee9171a4ebbe4272ae22ebcf0d775ab,785228547098abfa467b2520ef8769a96f1aa8754dd5f3e342b7280b740cb744
ZXVAD_C04_MECHANISM_AUDIT_V2_3090_20261009,CF_STATIC_A20_P25_s17,CF_STATIC_A20_P25,17,1,5000,ped2,1962,LOCAL,0.8944850552306692,False,False,5596e1a3d484a5f345ba02c9ca5c221ea2879afc2f17ef405d9f8b61448de057,04a9fe28036e9050bd05e3100002c74d9ee9171a4ebbe4272ae22ebcf0d775ab,785228547098abfa467b2520ef8769a96f1aa8754dd5f3e342b7280b740cb744
ZXVAD_C04_MECHANISM_AUDIT_V2_3090_20261009,CF_STATIC_A20_P25_s17,CF_STATIC_A20_P25,17,1,5000,ped2,1962,FUSION,0.9077575626308569,False,False,5596e1a3d484a5f345ba02c9ca5c221ea2879afc2f17ef405d9f8b61448de057,04a9fe28036e9050bd05e3100002c74d9ee9171a4ebbe4272ae22ebcf0d775ab,785228547098abfa467b2520ef8769a96f1aa8754dd5f3e342b7280b740cb744
ZXVAD_C04_MECHANISM_AUDIT_V2_3090_20261009,CF_STATIC_A20_P25_s17,CF_STATIC_A20_P25,17,1,5000,ped2,1962,PSNR_FROZEN,0.7773229369720598,False,False,5596e1a3d484a5f345ba02c9ca5c221ea2879afc2f17ef405d9f8b61448de057,04a9fe28036e9050bd05e3100002c74d9ee9171a4ebbe4272ae22ebcf0d775ab,785228547098abfa467b2520ef8769a96f1aa8754dd5f3e342b7280b740cb744
ZXVAD_C04_MECHANISM_AUDIT_V2_3090_20261009,CF_STATIC_A20_P25_s17,CF_STATIC_A20_P25,17,1,5000,ped2,1962,FUSION_FROZEN,0.7666233484946935,False,False,5596e1a3d484a5f345ba02c9ca5c221ea2879afc2f17ef405d9f8b61448de057,04a9fe28036e9050bd05e3100002c74d9ee9171a4ebbe4272ae22ebcf0d775ab,785228547098abfa467b2520ef8769a96f1aa8754dd5f3e342b7280b740cb744
ZXVAD_C04_MECHANISM_AUDIT_V2_3090_20261009,CF_STATIC_A20_P25_s17,CF_STATIC_A20_P25,17,1,5000,avenue,15240,PSNR,0.8454402079722704,True,False,e59e363c1f3223e3328964eed20151127a875e8d8e0d24d43c1c0941d180b2c7,04a9fe28036e9050bd05e3100002c74d9ee9171a4ebbe4272ae22ebcf0d775ab,785228547098abfa467b2520ef8769a96f1aa8754dd5f3e342b7280b740cb744
ZXVAD_C04_MECHANISM_AUDIT_V2_3090_20261009,CF_STATIC_A20_P25_s17,CF_STATIC_A20_P25,17,1,5000,avenue,15240,NC,0.5730642067544147,False,False,e59e363c1f3223e3328964eed20151127a875e8d8e0d24d43c1c0941d180b2c7,04a9fe28036e9050bd05e3100002c74d9ee9171a4ebbe4272ae22ebcf0d775ab,785228547098abfa467b2520ef8769a96f1aa8754dd5f3e342b7280b740cb744
ZXVAD_C04_MECHANISM_AUDIT_V2_3090_20261009,CF_STATIC_A20_P25_s17,CF_STATIC_A20_P25,17,1,5000,avenue,15240,NC_GAP,0.5588637641107311,False,False,e59e363c1f3223e3328964eed20151127a875e8d8e0d24d43c1c0941d180b2c7,04a9fe28036e9050bd05e3100002c74d9ee9171a4ebbe4272ae22ebcf0d775ab,785228547098abfa467b2520ef8769a96f1aa8754dd5f3e342b7280b740cb744
ZXVAD_C04_MECHANISM_AUDIT_V2_3090_20261009,CF_STATIC_A20_P25_s17,CF_STATIC_A20_P25,17,1,5000,avenue,15240,LOCAL,0.8362381844582885,False,False,e59e363c1f3223e3328964eed20151127a875e8d8e0d24d43c1c0941d180b2c7,04a9fe28036e9050bd05e3100002c74d9ee9171a4ebbe4272ae22ebcf0d775ab,785228547098abfa467b2520ef8769a96f1aa8754dd5f3e342b7280b740cb744
ZXVAD_C04_MECHANISM_AUDIT_V2_3090_20261009,CF_STATIC_A20_P25_s17,CF_STATIC_A20_P25,17,1,5000,avenue,15240,FUSION,0.8502457023748184,False,False,e59e363c1f3223e3328964eed20151127a875e8d8e0d24d43c1c0941d180b2c7,04a9fe28036e9050bd05e3100002c74d9ee9171a4ebbe4272ae22ebcf0d775ab,785228547098abfa467b2520ef8769a96f1aa8754dd5f3e342b7280b740cb744
ZXVAD_C04_MECHANISM_AUDIT_V2_3090_20261009,CF_STATIC_A20_P25_s17,CF_STATIC_A20_P25,17,1,5000,avenue,15240,PSNR_FROZEN,0.8645458920792543,False,False,e59e363c1f3223e3328964eed20151127a875e8d8e0d24d43c1c0941d180b2c7,04a9fe28036e9050bd05e3100002c74d9ee9171a4ebbe4272ae22ebcf0d775ab,785228547098abfa467b2520ef8769a96f1aa8754dd5f3e342b7280b740cb744
ZXVAD_C04_MECHANISM_AUDIT_V2_3090_20261009,CF_STATIC_A20_P25_s17,CF_STATIC_A20_P25,17,1,5000,avenue,15240,FUSION_FROZEN,0.8779394819429481,False,False,e59e363c1f3223e3328964eed20151127a875e8d8e0d24d43c1c0941d180b2c7,04a9fe28036e9050bd05e3100002c74d9ee9171a4ebbe4272ae22ebcf0d775ab,785228547098abfa467b2520ef8769a96f1aa8754dd5f3e342b7280b740cb744
ZXVAD_C04_MECHANISM_AUDIT_V2_3090_20261009,CF_MOVE_A20_P25_s17,CF_MOVE_A20_P25,17,1,5000,ped1,7056,PSNR,0.776980823227751,True,False,8b6c3d2b28d0001ea5c2a9094eefaf1842a990d8f115e48ba1f277a4baeaed98,04a9fe28036e9050bd05e3100002c74d9ee9171a4ebbe4272ae22ebcf0d775ab,ff8acc6a4bb338c20d4aae994a1367238b98d818a617de9ad591e80225b32d47
ZXVAD_C04_MECHANISM_AUDIT_V2_3090_20261009,CF_MOVE_A20_P25_s17,CF_MOVE_A20_P25,17,1,5000,ped1,7056,NC,0.45040809047452474,False,False,8b6c3d2b28d0001ea5c2a9094eefaf1842a990d8f115e48ba1f277a4baeaed98,04a9fe28036e9050bd05e3100002c74d9ee9171a4ebbe4272ae22ebcf0d775ab,ff8acc6a4bb338c20d4aae994a1367238b98d818a617de9ad591e80225b32d47
ZXVAD_C04_MECHANISM_AUDIT_V2_3090_20261009,CF_MOVE_A20_P25_s17,CF_MOVE_A20_P25,17,1,5000,ped1,7056,NC_GAP,0.46062186391346305,False,False,8b6c3d2b28d0001ea5c2a9094eefaf1842a990d8f115e48ba1f277a4baeaed98,04a9fe28036e9050bd05e3100002c74d9ee9171a4ebbe4272ae22ebcf0d775ab,ff8acc6a4bb338c20d4aae994a1367238b98d818a617de9ad591e80225b32d47
ZXVAD_C04_MECHANISM_AUDIT_V2_3090_20261009,CF_MOVE_A20_P25_s17,CF_MOVE_A20_P25,17,1,5000,ped1,7056,LOCAL,0.7624806542140996,False,False,8b6c3d2b28d0001ea5c2a9094eefaf1842a990d8f115e48ba1f277a4baeaed98,04a9fe28036e9050bd05e3100002c74d9ee9171a4ebbe4272ae22ebcf0d775ab,ff8acc6a4bb338c20d4aae994a1367238b98d818a617de9ad591e80225b32d47
ZXVAD_C04_MECHANISM_AUDIT_V2_3090_20261009,CF_MOVE_A20_P25_s17,CF_MOVE_A20_P25,17,1,5000,ped1,7056,FUSION,0.7742986874022794,False,False,8b6c3d2b28d0001ea5c2a9094eefaf1842a990d8f115e48ba1f277a4baeaed98,04a9fe28036e9050bd05e3100002c74d9ee9171a4ebbe4272ae22ebcf0d775ab,ff8acc6a4bb338c20d4aae994a1367238b98d818a617de9ad591e80225b32d47
ZXVAD_C04_MECHANISM_AUDIT_V2_3090_20261009,CF_MOVE_A20_P25_s17,CF_MOVE_A20_P25,17,1,5000,ped1,7056,PSNR_FROZEN,0.7465523137122374,False,False,8b6c3d2b28d0001ea5c2a9094eefaf1842a990d8f115e48ba1f277a4baeaed98,04a9fe28036e9050bd05e3100002c74d9ee9171a4ebbe4272ae22ebcf0d775ab,ff8acc6a4bb338c20d4aae994a1367238b98d818a617de9ad591e80225b32d47
ZXVAD_C04_MECHANISM_AUDIT_V2_3090_20261009,CF_MOVE_A20_P25_s17,CF_MOVE_A20_P25,17,1,5000,ped1,7056,FUSION_FROZEN,0.7431192878149949,False,False,8b6c3d2b28d0001ea5c2a9094eefaf1842a990d8f115e48ba1f277a4baeaed98,04a9fe28036e9050bd05e3100002c74d9ee9171a4ebbe4272ae22ebcf0d775ab,ff8acc6a4bb338c20d4aae994a1367238b98d818a617de9ad591e80225b32d47
ZXVAD_C04_MECHANISM_AUDIT_V2_3090_20261009,CF_MOVE_A20_P25_s17,CF_MOVE_A20_P25,17,1,5000,ped2,1962,PSNR,0.9150711139989892,True,False,12c1f315201b5a39d5be57ced68046a46a5a0155cd2c9ad0c3f2b2cc0f945274,04a9fe28036e9050bd05e3100002c74d9ee9171a4ebbe4272ae22ebcf0d775ab,ff8acc6a4bb338c20d4aae994a1367238b98d818a617de9ad591e80225b32d47
ZXVAD_C04_MECHANISM_AUDIT_V2_3090_20261009,CF_MOVE_A20_P25_s17,CF_MOVE_A20_P25,17,1,5000,ped2,1962,NC,0.4194372247491156,False,False,12c1f315201b5a39d5be57ced68046a46a5a0155cd2c9ad0c3f2b2cc0f945274,04a9fe28036e9050bd05e3100002c74d9ee9171a4ebbe4272ae22ebcf0d775ab,ff8acc6a4bb338c20d4aae994a1367238b98d818a617de9ad591e80225b32d47
ZXVAD_C04_MECHANISM_AUDIT_V2_3090_20261009,CF_MOVE_A20_P25_s17,CF_MOVE_A20_P25,17,1,5000,ped2,1962,NC_GAP,0.476693018554617,False,False,12c1f315201b5a39d5be57ced68046a46a5a0155cd2c9ad0c3f2b2cc0f945274,04a9fe28036e9050bd05e3100002c74d9ee9171a4ebbe4272ae22ebcf0d775ab,ff8acc6a4bb338c20d4aae994a1367238b98d818a617de9ad591e80225b32d47
ZXVAD_C04_MECHANISM_AUDIT_V2_3090_20261009,CF_MOVE_A20_P25_s17,CF_MOVE_A20_P25,17,1,5000,ped2,1962,LOCAL,0.9097285394556349,False,False,12c1f315201b5a39d5be57ced68046a46a5a0155cd2c9ad0c3f2b2cc0f945274,04a9fe28036e9050bd05e3100002c74d9ee9171a4ebbe4272ae22ebcf0d775ab,ff8acc6a4bb338c20d4aae994a1367238b98d818a617de9ad591e80225b32d47
ZXVAD_C04_MECHANISM_AUDIT_V2_3090_20261009,CF_MOVE_A20_P25_s17,CF_MOVE_A20_P25,17,1,5000,ped2,1962,FUSION,0.9060690563858205,False,False,12c1f315201b5a39d5be57ced68046a46a5a0155cd2c9ad0c3f2b2cc0f945274,04a9fe28036e9050bd05e3100002c74d9ee9171a4ebbe4272ae22ebcf0d775ab,ff8acc6a4bb338c20d4aae994a1367238b98d818a617de9ad591e80225b32d47
ZXVAD_C04_MECHANISM_AUDIT_V2_3090_20261009,CF_MOVE_A20_P25_s17,CF_MOVE_A20_P25,17,1,5000,ped2,1962,PSNR_FROZEN,0.8033824272615696,False,False,12c1f315201b5a39d5be57ced68046a46a5a0155cd2c9ad0c3f2b2cc0f945274,04a9fe28036e9050bd05e3100002c74d9ee9171a4ebbe4272ae22ebcf0d775ab,ff8acc6a4bb338c20d4aae994a1367238b98d818a617de9ad591e80225b32d47
ZXVAD_C04_MECHANISM_AUDIT_V2_3090_20261009,CF_MOVE_A20_P25_s17,CF_MOVE_A20_P25,17,1,5000,ped2,1962,FUSION_FROZEN,0.7679734315211898,False,False,12c1f315201b5a39d5be57ced68046a46a5a0155cd2c9ad0c3f2b2cc0f945274,04a9fe28036e9050bd05e3100002c74d9ee9171a4ebbe4272ae22ebcf0d775ab,ff8acc6a4bb338c20d4aae994a1367238b98d818a617de9ad591e80225b32d47
ZXVAD_C04_MECHANISM_AUDIT_V2_3090_20261009,CF_MOVE_A20_P25_s17,CF_MOVE_A20_P25,17,1,5000,avenue,15240,PSNR,0.8413559885708932,True,False,6eb4d302b9271800fde830dc5d32451ba501c346b160239360d635807ebedb60,04a9fe28036e9050bd05e3100002c74d9ee9171a4ebbe4272ae22ebcf0d775ab,ff8acc6a4bb338c20d4aae994a1367238b98d818a617de9ad591e80225b32d47
ZXVAD_C04_MECHANISM_AUDIT_V2_3090_20261009,CF_MOVE_A20_P25_s17,CF_MOVE_A20_P25,17,1,5000,avenue,15240,NC,0.5620558925476603,False,False,6eb4d302b9271800fde830dc5d32451ba501c346b160239360d635807ebedb60,04a9fe28036e9050bd05e3100002c74d9ee9171a4ebbe4272ae22ebcf0d775ab,ff8acc6a4bb338c20d4aae994a1367238b98d818a617de9ad591e80225b32d47
ZXVAD_C04_MECHANISM_AUDIT_V2_3090_20261009,CF_MOVE_A20_P25_s17,CF_MOVE_A20_P25,17,1,5000,avenue,15240,NC_GAP,0.5067617687011101,False,False,6eb4d302b9271800fde830dc5d32451ba501c346b160239360d635807ebedb60,04a9fe28036e9050bd05e3100002c74d9ee9171a4ebbe4272ae22ebcf0d775ab,ff8acc6a4bb338c20d4aae994a1367238b98d818a617de9ad591e80225b32d47
ZXVAD_C04_MECHANISM_AUDIT_V2_3090_20261009,CF_MOVE_A20_P25_s17,CF_MOVE_A20_P25,17,1,5000,avenue,15240,LOCAL,0.8308976064452668,False,False,6eb4d302b9271800fde830dc5d32451ba501c346b160239360d635807ebedb60,04a9fe28036e9050bd05e3100002c74d9ee9171a4ebbe4272ae22ebcf0d775ab,ff8acc6a4bb338c20d4aae994a1367238b98d818a617de9ad591e80225b32d47
ZXVAD_C04_MECHANISM_AUDIT_V2_3090_20261009,CF_MOVE_A20_P25_s17,CF_MOVE_A20_P25,17,1,5000,avenue,15240,FUSION,0.8359299498805565,False,False,6eb4d302b9271800fde830dc5d32451ba501c346b160239360d635807ebedb60,04a9fe28036e9050bd05e3100002c74d9ee9171a4ebbe4272ae22ebcf0d775ab,ff8acc6a4bb338c20d4aae994a1367238b98d818a617de9ad591e80225b32d47
ZXVAD_C04_MECHANISM_AUDIT_V2_3090_20261009,CF_MOVE_A20_P25_s17,CF_MOVE_A20_P25,17,1,5000,avenue,15240,PSNR_FROZEN,0.8441603002482552,False,False,6eb4d302b9271800fde830dc5d32451ba501c346b160239360d635807ebedb60,04a9fe28036e9050bd05e3100002c74d9ee9171a4ebbe4272ae22ebcf0d775ab,ff8acc6a4bb338c20d4aae994a1367238b98d818a617de9ad591e80225b32d47
ZXVAD_C04_MECHANISM_AUDIT_V2_3090_20261009,CF_MOVE_A20_P25_s17,CF_MOVE_A20_P25,17,1,5000,avenue,15240,FUSION_FROZEN,0.8673220525551548,False,False,6eb4d302b9271800fde830dc5d32451ba501c346b160239360d635807ebedb60,04a9fe28036e9050bd05e3100002c74d9ee9171a4ebbe4272ae22ebcf0d775ab,ff8acc6a4bb338c20d4aae994a1367238b98d818a617de9ad591e80225b32d47
ZXVAD_C04_MECHANISM_AUDIT_V2_3090_20261009,CF_SHUFFLE_A20_P25_s17,CF_SHUFFLE_A20_P25,17,1,5000,ped1,7056,PSNR,0.7563889654736966,True,False,0477581287b1c9e7d929de65cc2db7b3bebe8212c621e85247124610d0875030,04a9fe28036e9050bd05e3100002c74d9ee9171a4ebbe4272ae22ebcf0d775ab,b86e642d178eeb27889c6aa4de35108ab1536d88af8cc7117855c3408e19b9de
ZXVAD_C04_MECHANISM_AUDIT_V2_3090_20261009,CF_SHUFFLE_A20_P25_s17,CF_SHUFFLE_A20_P25,17,1,5000,ped1,7056,NC,0.4926070738081348,False,False,0477581287b1c9e7d929de65cc2db7b3bebe8212c621e85247124610d0875030,04a9fe28036e9050bd05e3100002c74d9ee9171a4ebbe4272ae22ebcf0d775ab,b86e642d178eeb27889c6aa4de35108ab1536d88af8cc7117855c3408e19b9de
ZXVAD_C04_MECHANISM_AUDIT_V2_3090_20261009,CF_SHUFFLE_A20_P25_s17,CF_SHUFFLE_A20_P25,17,1,5000,ped1,7056,NC_GAP,0.47233340991359735,False,False,0477581287b1c9e7d929de65cc2db7b3bebe8212c621e85247124610d0875030,04a9fe28036e9050bd05e3100002c74d9ee9171a4ebbe4272ae22ebcf0d775ab,b86e642d178eeb27889c6aa4de35108ab1536d88af8cc7117855c3408e19b9de
ZXVAD_C04_MECHANISM_AUDIT_V2_3090_20261009,CF_SHUFFLE_A20_P25_s17,CF_SHUFFLE_A20_P25,17,1,5000,ped1,7056,LOCAL,0.7288250185677833,False,False,0477581287b1c9e7d929de65cc2db7b3bebe8212c621e85247124610d0875030,04a9fe28036e9050bd05e3100002c74d9ee9171a4ebbe4272ae22ebcf0d775ab,b86e642d178eeb27889c6aa4de35108ab1536d88af8cc7117855c3408e19b9de
ZXVAD_C04_MECHANISM_AUDIT_V2_3090_20261009,CF_SHUFFLE_A20_P25_s17,CF_SHUFFLE_A20_P25,17,1,5000,ped1,7056,FUSION,0.7557930216213975,False,False,0477581287b1c9e7d929de65cc2db7b3bebe8212c621e85247124610d0875030,04a9fe28036e9050bd05e3100002c74d9ee9171a4ebbe4272ae22ebcf0d775ab,b86e642d178eeb27889c6aa4de35108ab1536d88af8cc7117855c3408e19b9de
ZXVAD_C04_MECHANISM_AUDIT_V2_3090_20261009,CF_SHUFFLE_A20_P25_s17,CF_SHUFFLE_A20_P25,17,1,5000,ped1,7056,PSNR_FROZEN,0.7307143482816427,False,False,0477581287b1c9e7d929de65cc2db7b3bebe8212c621e85247124610d0875030,04a9fe28036e9050bd05e3100002c74d9ee9171a4ebbe4272ae22ebcf0d775ab,b86e642d178eeb27889c6aa4de35108ab1536d88af8cc7117855c3408e19b9de
ZXVAD_C04_MECHANISM_AUDIT_V2_3090_20261009,CF_SHUFFLE_A20_P25_s17,CF_SHUFFLE_A20_P25,17,1,5000,ped1,7056,FUSION_FROZEN,0.7285617858375802,False,False,0477581287b1c9e7d929de65cc2db7b3bebe8212c621e85247124610d0875030,04a9fe28036e9050bd05e3100002c74d9ee9171a4ebbe4272ae22ebcf0d775ab,b86e642d178eeb27889c6aa4de35108ab1536d88af8cc7117855c3408e19b9de
ZXVAD_C04_MECHANISM_AUDIT_V2_3090_20261009,CF_SHUFFLE_A20_P25_s17,CF_SHUFFLE_A20_P25,17,1,5000,ped2,1962,PSNR,0.9065229947296224,True,False,ad5191ad41d8493d8018f18fa732539eea2a36ae45b16f83df0f239017122f87,04a9fe28036e9050bd05e3100002c74d9ee9171a4ebbe4272ae22ebcf0d775ab,b86e642d178eeb27889c6aa4de35108ab1536d88af8cc7117855c3408e19b9de
ZXVAD_C04_MECHANISM_AUDIT_V2_3090_20261009,CF_SHUFFLE_A20_P25_s17,CF_SHUFFLE_A20_P25,17,1,5000,ped2,1962,NC,0.555938199407985,False,False,ad5191ad41d8493d8018f18fa732539eea2a36ae45b16f83df0f239017122f87,04a9fe28036e9050bd05e3100002c74d9ee9171a4ebbe4272ae22ebcf0d775ab,b86e642d178eeb27889c6aa4de35108ab1536d88af8cc7117855c3408e19b9de
ZXVAD_C04_MECHANISM_AUDIT_V2_3090_20261009,CF_SHUFFLE_A20_P25_s17,CF_SHUFFLE_A20_P25,17,1,5000,ped2,1962,NC_GAP,0.5297541693740524,False,False,ad5191ad41d8493d8018f18fa732539eea2a36ae45b16f83df0f239017122f87,04a9fe28036e9050bd05e3100002c74d9ee9171a4ebbe4272ae22ebcf0d775ab,b86e642d178eeb27889c6aa4de35108ab1536d88af8cc7117855c3408e19b9de
ZXVAD_C04_MECHANISM_AUDIT_V2_3090_20261009,CF_SHUFFLE_A20_P25_s17,CF_SHUFFLE_A20_P25,17,1,5000,ped2,1962,LOCAL,0.8938560392751426,False,False,ad5191ad41d8493d8018f18fa732539eea2a36ae45b16f83df0f239017122f87,04a9fe28036e9050bd05e3100002c74d9ee9171a4ebbe4272ae22ebcf0d775ab,b86e642d178eeb27889c6aa4de35108ab1536d88af8cc7117855c3408e19b9de
ZXVAD_C04_MECHANISM_AUDIT_V2_3090_20261009,CF_SHUFFLE_A20_P25_s17,CF_SHUFFLE_A20_P25,17,1,5000,ped2,1962,FUSION,0.8686033499386326,False,False,ad5191ad41d8493d8018f18fa732539eea2a36ae45b16f83df0f239017122f87,04a9fe28036e9050bd05e3100002c74d9ee9171a4ebbe4272ae22ebcf0d775ab,b86e642d178eeb27889c6aa4de35108ab1536d88af8cc7117855c3408e19b9de
ZXVAD_C04_MECHANISM_AUDIT_V2_3090_20261009,CF_SHUFFLE_A20_P25_s17,CF_SHUFFLE_A20_P25,17,1,5000,ped2,1962,PSNR_FROZEN,0.7716293047433398,False,False,ad5191ad41d8493d8018f18fa732539eea2a36ae45b16f83df0f239017122f87,04a9fe28036e9050bd05e3100002c74d9ee9171a4ebbe4272ae22ebcf0d775ab,b86e642d178eeb27889c6aa4de35108ab1536d88af8cc7117855c3408e19b9de
ZXVAD_C04_MECHANISM_AUDIT_V2_3090_20261009,CF_SHUFFLE_A20_P25_s17,CF_SHUFFLE_A20_P25,17,1,5000,ped2,1962,FUSION_FROZEN,0.7367681033860372,False,False,ad5191ad41d8493d8018f18fa732539eea2a36ae45b16f83df0f239017122f87,04a9fe28036e9050bd05e3100002c74d9ee9171a4ebbe4272ae22ebcf0d775ab,b86e642d178eeb27889c6aa4de35108ab1536d88af8cc7117855c3408e19b9de
ZXVAD_C04_MECHANISM_AUDIT_V2_3090_20261009,CF_SHUFFLE_A20_P25_s17,CF_SHUFFLE_A20_P25,17,1,5000,avenue,15240,PSNR,0.8508927584430184,True,False,e727252d136a102bce1ec985979027a586f21f4cdd1d7d490f777711b47d32f9,04a9fe28036e9050bd05e3100002c74d9ee9171a4ebbe4272ae22ebcf0d775ab,b86e642d178eeb27889c6aa4de35108ab1536d88af8cc7117855c3408e19b9de
ZXVAD_C04_MECHANISM_AUDIT_V2_3090_20261009,CF_SHUFFLE_A20_P25_s17,CF_SHUFFLE_A20_P25,17,1,5000,avenue,15240,NC,0.599236111761675,False,False,e727252d136a102bce1ec985979027a586f21f4cdd1d7d490f777711b47d32f9,04a9fe28036e9050bd05e3100002c74d9ee9171a4ebbe4272ae22ebcf0d775ab,b86e642d178eeb27889c6aa4de35108ab1536d88af8cc7117855c3408e19b9de
ZXVAD_C04_MECHANISM_AUDIT_V2_3090_20261009,CF_SHUFFLE_A20_P25_s17,CF_SHUFFLE_A20_P25,17,1,5000,avenue,15240,NC_GAP,0.5086717293550049,False,False,e727252d136a102bce1ec985979027a586f21f4cdd1d7d490f777711b47d32f9,04a9fe28036e9050bd05e3100002c74d9ee9171a4ebbe4272ae22ebcf0d775ab,b86e642d178eeb27889c6aa4de35108ab1536d88af8cc7117855c3408e19b9de
ZXVAD_C04_MECHANISM_AUDIT_V2_3090_20261009,CF_SHUFFLE_A20_P25_s17,CF_SHUFFLE_A20_P25,17,1,5000,avenue,15240,LOCAL,0.8442071525598389,False,False,e727252d136a102bce1ec985979027a586f21f4cdd1d7d490f777711b47d32f9,04a9fe28036e9050bd05e3100002c74d9ee9171a4ebbe4272ae22ebcf0d775ab,b86e642d178eeb27889c6aa4de35108ab1536d88af8cc7117855c3408e19b9de
ZXVAD_C04_MECHANISM_AUDIT_V2_3090_20261009,CF_SHUFFLE_A20_P25_s17,CF_SHUFFLE_A20_P25,17,1,5000,avenue,15240,FUSION,0.8394162021640358,False,False,e727252d136a102bce1ec985979027a586f21f4cdd1d7d490f777711b47d32f9,04a9fe28036e9050bd05e3100002c74d9ee9171a4ebbe4272ae22ebcf0d775ab,b86e642d178eeb27889c6aa4de35108ab1536d88af8cc7117855c3408e19b9de
ZXVAD_C04_MECHANISM_AUDIT_V2_3090_20261009,CF_SHUFFLE_A20_P25_s17,CF_SHUFFLE_A20_P25,17,1,5000,avenue,15240,PSNR_FROZEN,0.8700381633800178,False,False,e727252d136a102bce1ec985979027a586f21f4cdd1d7d490f777711b47d32f9,04a9fe28036e9050bd05e3100002c74d9ee9171a4ebbe4272ae22ebcf0d775ab,b86e642d178eeb27889c6aa4de35108ab1536d88af8cc7117855c3408e19b9de
ZXVAD_C04_MECHANISM_AUDIT_V2_3090_20261009,CF_SHUFFLE_A20_P25_s17,CF_SHUFFLE_A20_P25,17,1,5000,avenue,15240,FUSION_FROZEN,0.8586329804674692,False,False,e727252d136a102bce1ec985979027a586f21f4cdd1d7d490f777711b47d32f9,04a9fe28036e9050bd05e3100002c74d9ee9171a4ebbe4272ae22ebcf0d775ab,b86e642d178eeb27889c6aa4de35108ab1536d88af8cc7117855c3408e19b9de
ZXVAD_C04_MECHANISM_AUDIT_V2_3090_20261009,CF_PHOTO_A20_P50_s17,CF_PHOTO_A20_P50,17,1,5000,ped1,7056,PSNR,0.7488284160161638,True,False,7074d04781c844590fb86e19e8962b40a3fa6d95cb7b5191218c912beebed14e,04a9fe28036e9050bd05e3100002c74d9ee9171a4ebbe4272ae22ebcf0d775ab,a072b58a62314a65dc65b9c6a939508552a8a271e5dca545a66fcf0c1d6c9548
ZXVAD_C04_MECHANISM_AUDIT_V2_3090_20261009,CF_PHOTO_A20_P50_s17,CF_PHOTO_A20_P50,17,1,5000,ped1,7056,NC,0.4798945318828939,False,False,7074d04781c844590fb86e19e8962b40a3fa6d95cb7b5191218c912beebed14e,04a9fe28036e9050bd05e3100002c74d9ee9171a4ebbe4272ae22ebcf0d775ab,a072b58a62314a65dc65b9c6a939508552a8a271e5dca545a66fcf0c1d6c9548
ZXVAD_C04_MECHANISM_AUDIT_V2_3090_20261009,CF_PHOTO_A20_P50_s17,CF_PHOTO_A20_P50,17,1,5000,ped1,7056,NC_GAP,0.5355539210799076,False,False,7074d04781c844590fb86e19e8962b40a3fa6d95cb7b5191218c912beebed14e,04a9fe28036e9050bd05e3100002c74d9ee9171a4ebbe4272ae22ebcf0d775ab,a072b58a62314a65dc65b9c6a939508552a8a271e5dca545a66fcf0c1d6c9548
ZXVAD_C04_MECHANISM_AUDIT_V2_3090_20261009,CF_PHOTO_A20_P50_s17,CF_PHOTO_A20_P50,17,1,5000,ped1,7056,LOCAL,0.7193486811741693,False,False,7074d04781c844590fb86e19e8962b40a3fa6d95cb7b5191218c912beebed14e,04a9fe28036e9050bd05e3100002c74d9ee9171a4ebbe4272ae22ebcf0d775ab,a072b58a62314a65dc65b9c6a939508552a8a271e5dca545a66fcf0c1d6c9548
ZXVAD_C04_MECHANISM_AUDIT_V2_3090_20261009,CF_PHOTO_A20_P50_s17,CF_PHOTO_A20_P50,17,1,5000,ped1,7056,FUSION,0.7476852327051762,False,False,7074d04781c844590fb86e19e8962b40a3fa6d95cb7b5191218c912beebed14e,04a9fe28036e9050bd05e3100002c74d9ee9171a4ebbe4272ae22ebcf0d775ab,a072b58a62314a65dc65b9c6a939508552a8a271e5dca545a66fcf0c1d6c9548
ZXVAD_C04_MECHANISM_AUDIT_V2_3090_20261009,CF_PHOTO_A20_P50_s17,CF_PHOTO_A20_P50,17,1,5000,ped1,7056,PSNR_FROZEN,0.7286102448690065,False,False,7074d04781c844590fb86e19e8962b40a3fa6d95cb7b5191218c912beebed14e,04a9fe28036e9050bd05e3100002c74d9ee9171a4ebbe4272ae22ebcf0d775ab,a072b58a62314a65dc65b9c6a939508552a8a271e5dca545a66fcf0c1d6c9548
ZXVAD_C04_MECHANISM_AUDIT_V2_3090_20261009,CF_PHOTO_A20_P50_s17,CF_PHOTO_A20_P50,17,1,5000,ped1,7056,FUSION_FROZEN,0.7235604866448136,False,False,7074d04781c844590fb86e19e8962b40a3fa6d95cb7b5191218c912beebed14e,04a9fe28036e9050bd05e3100002c74d9ee9171a4ebbe4272ae22ebcf0d775ab,a072b58a62314a65dc65b9c6a939508552a8a271e5dca545a66fcf0c1d6c9548
ZXVAD_C04_MECHANISM_AUDIT_V2_3090_20261009,CF_PHOTO_A20_P50_s17,CF_PHOTO_A20_P50,17,1,5000,ped2,1962,PSNR,0.9080824489206556,True,False,105424baae4e5af9e82e6da47592f905e59f20029328a6576a4fdef5a8098023,04a9fe28036e9050bd05e3100002c74d9ee9171a4ebbe4272ae22ebcf0d775ab,a072b58a62314a65dc65b9c6a939508552a8a271e5dca545a66fcf0c1d6c9548
ZXVAD_C04_MECHANISM_AUDIT_V2_3090_20261009,CF_PHOTO_A20_P50_s17,CF_PHOTO_A20_P50,17,1,5000,ped2,1962,NC,0.4417948162587539,False,False,105424baae4e5af9e82e6da47592f905e59f20029328a6576a4fdef5a8098023,04a9fe28036e9050bd05e3100002c74d9ee9171a4ebbe4272ae22ebcf0d775ab,a072b58a62314a65dc65b9c6a939508552a8a271e5dca545a66fcf0c1d6c9548
ZXVAD_C04_MECHANISM_AUDIT_V2_3090_20261009,CF_PHOTO_A20_P50_s17,CF_PHOTO_A20_P50,17,1,5000,ped2,1962,NC_GAP,0.4893329001516136,False,False,105424baae4e5af9e82e6da47592f905e59f20029328a6576a4fdef5a8098023,04a9fe28036e9050bd05e3100002c74d9ee9171a4ebbe4272ae22ebcf0d775ab,a072b58a62314a65dc65b9c6a939508552a8a271e5dca545a66fcf0c1d6c9548
ZXVAD_C04_MECHANISM_AUDIT_V2_3090_20261009,CF_PHOTO_A20_P50_s17,CF_PHOTO_A20_P50,17,1,5000,ped2,1962,LOCAL,0.9011280773951339,False,False,105424baae4e5af9e82e6da47592f905e59f20029328a6576a4fdef5a8098023,04a9fe28036e9050bd05e3100002c74d9ee9171a4ebbe4272ae22ebcf0d775ab,a072b58a62314a65dc65b9c6a939508552a8a271e5dca545a66fcf0c1d6c9548
ZXVAD_C04_MECHANISM_AUDIT_V2_3090_20261009,CF_PHOTO_A20_P50_s17,CF_PHOTO_A20_P50,17,1,5000,ped2,1962,FUSION,0.9036188722835896,False,False,105424baae4e5af9e82e6da47592f905e59f20029328a6576a4fdef5a8098023,04a9fe28036e9050bd05e3100002c74d9ee9171a4ebbe4272ae22ebcf0d775ab,a072b58a62314a65dc65b9c6a939508552a8a271e5dca545a66fcf0c1d6c9548
ZXVAD_C04_MECHANISM_AUDIT_V2_3090_20261009,CF_PHOTO_A20_P50_s17,CF_PHOTO_A20_P50,17,1,5000,ped2,1962,PSNR_FROZEN,0.7879828171251173,False,False,105424baae4e5af9e82e6da47592f905e59f20029328a6576a4fdef5a8098023,04a9fe28036e9050bd05e3100002c74d9ee9171a4ebbe4272ae22ebcf0d775ab,a072b58a62314a65dc65b9c6a939508552a8a271e5dca545a66fcf0c1d6c9548
ZXVAD_C04_MECHANISM_AUDIT_V2_3090_20261009,CF_PHOTO_A20_P50_s17,CF_PHOTO_A20_P50,17,1,5000,ped2,1962,FUSION_FROZEN,0.7684011984694246,False,False,105424baae4e5af9e82e6da47592f905e59f20029328a6576a4fdef5a8098023,04a9fe28036e9050bd05e3100002c74d9ee9171a4ebbe4272ae22ebcf0d775ab,a072b58a62314a65dc65b9c6a939508552a8a271e5dca545a66fcf0c1d6c9548
ZXVAD_C04_MECHANISM_AUDIT_V2_3090_20261009,CF_PHOTO_A20_P50_s17,CF_PHOTO_A20_P50,17,1,5000,avenue,15240,PSNR,0.8429866270082907,True,False,a3a09f848e546b509764b9647b3963dbd3a1ef9caa9f21399e2b62027fe78f6e,04a9fe28036e9050bd05e3100002c74d9ee9171a4ebbe4272ae22ebcf0d775ab,a072b58a62314a65dc65b9c6a939508552a8a271e5dca545a66fcf0c1d6c9548
ZXVAD_C04_MECHANISM_AUDIT_V2_3090_20261009,CF_PHOTO_A20_P50_s17,CF_PHOTO_A20_P50,17,1,5000,avenue,15240,NC,0.6012284767436414,False,False,a3a09f848e546b509764b9647b3963dbd3a1ef9caa9f21399e2b62027fe78f6e,04a9fe28036e9050bd05e3100002c74d9ee9171a4ebbe4272ae22ebcf0d775ab,a072b58a62314a65dc65b9c6a939508552a8a271e5dca545a66fcf0c1d6c9548
ZXVAD_C04_MECHANISM_AUDIT_V2_3090_20261009,CF_PHOTO_A20_P50_s17,CF_PHOTO_A20_P50,17,1,5000,avenue,15240,NC_GAP,0.5512389104876106,False,False,a3a09f848e546b509764b9647b3963dbd3a1ef9caa9f21399e2b62027fe78f6e,04a9fe28036e9050bd05e3100002c74d9ee9171a4ebbe4272ae22ebcf0d775ab,a072b58a62314a65dc65b9c6a939508552a8a271e5dca545a66fcf0c1d6c9548
ZXVAD_C04_MECHANISM_AUDIT_V2_3090_20261009,CF_PHOTO_A20_P50_s17,CF_PHOTO_A20_P50,17,1,5000,avenue,15240,LOCAL,0.8394293175324371,False,False,a3a09f848e546b509764b9647b3963dbd3a1ef9caa9f21399e2b62027fe78f6e,04a9fe28036e9050bd05e3100002c74d9ee9171a4ebbe4272ae22ebcf0d775ab,a072b58a62314a65dc65b9c6a939508552a8a271e5dca545a66fcf0c1d6c9548
ZXVAD_C04_MECHANISM_AUDIT_V2_3090_20261009,CF_PHOTO_A20_P50_s17,CF_PHOTO_A20_P50,17,1,5000,avenue,15240,FUSION,0.8403010913860134,False,False,a3a09f848e546b509764b9647b3963dbd3a1ef9caa9f21399e2b62027fe78f6e,04a9fe28036e9050bd05e3100002c74d9ee9171a4ebbe4272ae22ebcf0d775ab,a072b58a62314a65dc65b9c6a939508552a8a271e5dca545a66fcf0c1d6c9548
ZXVAD_C04_MECHANISM_AUDIT_V2_3090_20261009,CF_PHOTO_A20_P50_s17,CF_PHOTO_A20_P50,17,1,5000,avenue,15240,PSNR_FROZEN,0.862029052883039,False,False,a3a09f848e546b509764b9647b3963dbd3a1ef9caa9f21399e2b62027fe78f6e,04a9fe28036e9050bd05e3100002c74d9ee9171a4ebbe4272ae22ebcf0d775ab,a072b58a62314a65dc65b9c6a939508552a8a271e5dca545a66fcf0c1d6c9548
ZXVAD_C04_MECHANISM_AUDIT_V2_3090_20261009,CF_PHOTO_A20_P50_s17,CF_PHOTO_A20_P50,17,1,5000,avenue,15240,FUSION_FROZEN,0.8779146330038877,False,False,a3a09f848e546b509764b9647b3963dbd3a1ef9caa9f21399e2b62027fe78f6e,04a9fe28036e9050bd05e3100002c74d9ee9171a4ebbe4272ae22ebcf0d775ab,a072b58a62314a65dc65b9c6a939508552a8a271e5dca545a66fcf0c1d6c9548
ZXVAD_C04_MECHANISM_AUDIT_V2_3090_20261009,CF_NOISE_A20_P50_s17,CF_NOISE_A20_P50,17,1,5000,ped1,7056,PSNR,0.7427384857047493,True,False,0099a43c2d4ebabf6d9c818060485d44f6f0573b38241ebaa836aebd2cf4d717,04a9fe28036e9050bd05e3100002c74d9ee9171a4ebbe4272ae22ebcf0d775ab,3b4819d959d0684c17ce2f84874727e79a0b654da34976afd948f9c4bdfe6529
ZXVAD_C04_MECHANISM_AUDIT_V2_3090_20261009,CF_NOISE_A20_P50_s17,CF_NOISE_A20_P50,17,1,5000,ped1,7056,NC,0.43812194713213726,False,False,0099a43c2d4ebabf6d9c818060485d44f6f0573b38241ebaa836aebd2cf4d717,04a9fe28036e9050bd05e3100002c74d9ee9171a4ebbe4272ae22ebcf0d775ab,3b4819d959d0684c17ce2f84874727e79a0b654da34976afd948f9c4bdfe6529
ZXVAD_C04_MECHANISM_AUDIT_V2_3090_20261009,CF_NOISE_A20_P50_s17,CF_NOISE_A20_P50,17,1,5000,ped1,7056,NC_GAP,0.5007167438344368,False,False,0099a43c2d4ebabf6d9c818060485d44f6f0573b38241ebaa836aebd2cf4d717,04a9fe28036e9050bd05e3100002c74d9ee9171a4ebbe4272ae22ebcf0d775ab,3b4819d959d0684c17ce2f84874727e79a0b654da34976afd948f9c4bdfe6529
ZXVAD_C04_MECHANISM_AUDIT_V2_3090_20261009,CF_NOISE_A20_P50_s17,CF_NOISE_A20_P50,17,1,5000,ped1,7056,LOCAL,0.7177813075399881,False,False,0099a43c2d4ebabf6d9c818060485d44f6f0573b38241ebaa836aebd2cf4d717,04a9fe28036e9050bd05e3100002c74d9ee9171a4ebbe4272ae22ebcf0d775ab,3b4819d959d0684c17ce2f84874727e79a0b654da34976afd948f9c4bdfe6529
ZXVAD_C04_MECHANISM_AUDIT_V2_3090_20261009,CF_NOISE_A20_P50_s17,CF_NOISE_A20_P50,17,1,5000,ped1,7056,FUSION,0.7433228566406825,False,False,0099a43c2d4ebabf6d9c818060485d44f6f0573b38241ebaa836aebd2cf4d717,04a9fe28036e9050bd05e3100002c74d9ee9171a4ebbe4272ae22ebcf0d775ab,3b4819d959d0684c17ce2f84874727e79a0b654da34976afd948f9c4bdfe6529
ZXVAD_C04_MECHANISM_AUDIT_V2_3090_20261009,CF_NOISE_A20_P50_s17,CF_NOISE_A20_P50,17,1,5000,ped1,7056,PSNR_FROZEN,0.720006210934762,False,False,0099a43c2d4ebabf6d9c818060485d44f6f0573b38241ebaa836aebd2cf4d717,04a9fe28036e9050bd05e3100002c74d9ee9171a4ebbe4272ae22ebcf0d775ab,3b4819d959d0684c17ce2f84874727e79a0b654da34976afd948f9c4bdfe6529
ZXVAD_C04_MECHANISM_AUDIT_V2_3090_20261009,CF_NOISE_A20_P50_s17,CF_NOISE_A20_P50,17,1,5000,ped1,7056,FUSION_FROZEN,0.7189049027699183,False,False,0099a43c2d4ebabf6d9c818060485d44f6f0573b38241ebaa836aebd2cf4d717,04a9fe28036e9050bd05e3100002c74d9ee9171a4ebbe4272ae22ebcf0d775ab,3b4819d959d0684c17ce2f84874727e79a0b654da34976afd948f9c4bdfe6529
ZXVAD_C04_MECHANISM_AUDIT_V2_3090_20261009,CF_NOISE_A20_P50_s17,CF_NOISE_A20_P50,17,1,5000,ped2,1962,PSNR,0.8916080066421197,True,False,b0ae0d9f2d86389dad1c8bbddfcce243814ad0431c5e1a43380a6b1b39f79801,04a9fe28036e9050bd05e3100002c74d9ee9171a4ebbe4272ae22ebcf0d775ab,3b4819d959d0684c17ce2f84874727e79a0b654da34976afd948f9c4bdfe6529
ZXVAD_C04_MECHANISM_AUDIT_V2_3090_20261009,CF_NOISE_A20_P50_s17,CF_NOISE_A20_P50,17,1,5000,ped2,1962,NC,0.4295159194282001,False,False,b0ae0d9f2d86389dad1c8bbddfcce243814ad0431c5e1a43380a6b1b39f79801,04a9fe28036e9050bd05e3100002c74d9ee9171a4ebbe4272ae22ebcf0d775ab,3b4819d959d0684c17ce2f84874727e79a0b654da34976afd948f9c4bdfe6529
ZXVAD_C04_MECHANISM_AUDIT_V2_3090_20261009,CF_NOISE_A20_P50_s17,CF_NOISE_A20_P50,17,1,5000,ped2,1962,NC_GAP,0.5090164970038265,False,False,b0ae0d9f2d86389dad1c8bbddfcce243814ad0431c5e1a43380a6b1b39f79801,04a9fe28036e9050bd05e3100002c74d9ee9171a4ebbe4272ae22ebcf0d775ab,3b4819d959d0684c17ce2f84874727e79a0b654da34976afd948f9c4bdfe6529
ZXVAD_C04_MECHANISM_AUDIT_V2_3090_20261009,CF_NOISE_A20_P50_s17,CF_NOISE_A20_P50,17,1,5000,ped2,1962,LOCAL,0.8762336654393185,False,False,b0ae0d9f2d86389dad1c8bbddfcce243814ad0431c5e1a43380a6b1b39f79801,04a9fe28036e9050bd05e3100002c74d9ee9171a4ebbe4272ae22ebcf0d775ab,3b4819d959d0684c17ce2f84874727e79a0b654da34976afd948f9c4bdfe6529
ZXVAD_C04_MECHANISM_AUDIT_V2_3090_20261009,CF_NOISE_A20_P50_s17,CF_NOISE_A20_P50,17,1,5000,ped2,1962,FUSION,0.8884584145549058,False,False,b0ae0d9f2d86389dad1c8bbddfcce243814ad0431c5e1a43380a6b1b39f79801,04a9fe28036e9050bd05e3100002c74d9ee9171a4ebbe4272ae22ebcf0d775ab,3b4819d959d0684c17ce2f84874727e79a0b654da34976afd948f9c4bdfe6529
ZXVAD_C04_MECHANISM_AUDIT_V2_3090_20261009,CF_NOISE_A20_P50_s17,CF_NOISE_A20_P50,17,1,5000,ped2,1962,PSNR_FROZEN,0.7542487907010325,False,False,b0ae0d9f2d86389dad1c8bbddfcce243814ad0431c5e1a43380a6b1b39f79801,04a9fe28036e9050bd05e3100002c74d9ee9171a4ebbe4272ae22ebcf0d775ab,3b4819d959d0684c17ce2f84874727e79a0b654da34976afd948f9c4bdfe6529
ZXVAD_C04_MECHANISM_AUDIT_V2_3090_20261009,CF_NOISE_A20_P50_s17,CF_NOISE_A20_P50,17,1,5000,ped2,1962,FUSION_FROZEN,0.7390477221861238,False,False,b0ae0d9f2d86389dad1c8bbddfcce243814ad0431c5e1a43380a6b1b39f79801,04a9fe28036e9050bd05e3100002c74d9ee9171a4ebbe4272ae22ebcf0d775ab,3b4819d959d0684c17ce2f84874727e79a0b654da34976afd948f9c4bdfe6529
ZXVAD_C04_MECHANISM_AUDIT_V2_3090_20261009,CF_NOISE_A20_P50_s17,CF_NOISE_A20_P50,17,1,5000,avenue,15240,PSNR,0.8453300154573985,True,False,3988373d21b204b12da73c498b45440f7cf1fe73dbcd8cc38ef6e5b14e74cba8,04a9fe28036e9050bd05e3100002c74d9ee9171a4ebbe4272ae22ebcf0d775ab,3b4819d959d0684c17ce2f84874727e79a0b654da34976afd948f9c4bdfe6529
ZXVAD_C04_MECHANISM_AUDIT_V2_3090_20261009,CF_NOISE_A20_P50_s17,CF_NOISE_A20_P50,17,1,5000,avenue,15240,NC,0.5681850437959624,False,False,3988373d21b204b12da73c498b45440f7cf1fe73dbcd8cc38ef6e5b14e74cba8,04a9fe28036e9050bd05e3100002c74d9ee9171a4ebbe4272ae22ebcf0d775ab,3b4819d959d0684c17ce2f84874727e79a0b654da34976afd948f9c4bdfe6529
ZXVAD_C04_MECHANISM_AUDIT_V2_3090_20261009,CF_NOISE_A20_P50_s17,CF_NOISE_A20_P50,17,1,5000,avenue,15240,NC_GAP,0.5645069441191625,False,False,3988373d21b204b12da73c498b45440f7cf1fe73dbcd8cc38ef6e5b14e74cba8,04a9fe28036e9050bd05e3100002c74d9ee9171a4ebbe4272ae22ebcf0d775ab,3b4819d959d0684c17ce2f84874727e79a0b654da34976afd948f9c4bdfe6529
ZXVAD_C04_MECHANISM_AUDIT_V2_3090_20261009,CF_NOISE_A20_P50_s17,CF_NOISE_A20_P50,17,1,5000,avenue,15240,LOCAL,0.8351823738816806,False,False,3988373d21b204b12da73c498b45440f7cf1fe73dbcd8cc38ef6e5b14e74cba8,04a9fe28036e9050bd05e3100002c74d9ee9171a4ebbe4272ae22ebcf0d775ab,3b4819d959d0684c17ce2f84874727e79a0b654da34976afd948f9c4bdfe6529
ZXVAD_C04_MECHANISM_AUDIT_V2_3090_20261009,CF_NOISE_A20_P50_s17,CF_NOISE_A20_P50,17,1,5000,avenue,15240,FUSION,0.850820296032601,False,False,3988373d21b204b12da73c498b45440f7cf1fe73dbcd8cc38ef6e5b14e74cba8,04a9fe28036e9050bd05e3100002c74d9ee9171a4ebbe4272ae22ebcf0d775ab,3b4819d959d0684c17ce2f84874727e79a0b654da34976afd948f9c4bdfe6529
ZXVAD_C04_MECHANISM_AUDIT_V2_3090_20261009,CF_NOISE_A20_P50_s17,CF_NOISE_A20_P50,17,1,5000,avenue,15240,PSNR_FROZEN,0.865157091667057,False,False,3988373d21b204b12da73c498b45440f7cf1fe73dbcd8cc38ef6e5b14e74cba8,04a9fe28036e9050bd05e3100002c74d9ee9171a4ebbe4272ae22ebcf0d775ab,3b4819d959d0684c17ce2f84874727e79a0b654da34976afd948f9c4bdfe6529
ZXVAD_C04_MECHANISM_AUDIT_V2_3090_20261009,CF_NOISE_A20_P50_s17,CF_NOISE_A20_P50,17,1,5000,avenue,15240,FUSION_FROZEN,0.8738494074663918,False,False,3988373d21b204b12da73c498b45440f7cf1fe73dbcd8cc38ef6e5b14e74cba8,04a9fe28036e9050bd05e3100002c74d9ee9171a4ebbe4272ae22ebcf0d775ab,3b4819d959d0684c17ce2f84874727e79a0b654da34976afd948f9c4bdfe6529
ZXVAD_C04_MECHANISM_AUDIT_V2_3090_20261009,CF_SELF_A20_P50_s17,CF_SELF_A20_P50,17,1,5000,ped1,7056,PSNR,0.768261837110098,True,False,51d5decd3dea6015631f78dbc8826bdf77652419d2a09d65abf18912525f03c3,04a9fe28036e9050bd05e3100002c74d9ee9171a4ebbe4272ae22ebcf0d775ab,8f8ba495cbe3829919ee567bf56c6bce1c6d139de28688b2fcbe351eef5df665
ZXVAD_C04_MECHANISM_AUDIT_V2_3090_20261009,CF_SELF_A20_P50_s17,CF_SELF_A20_P50,17,1,5000,ped1,7056,NC,0.4476551267651458,False,False,51d5decd3dea6015631f78dbc8826bdf77652419d2a09d65abf18912525f03c3,04a9fe28036e9050bd05e3100002c74d9ee9171a4ebbe4272ae22ebcf0d775ab,8f8ba495cbe3829919ee567bf56c6bce1c6d139de28688b2fcbe351eef5df665
ZXVAD_C04_MECHANISM_AUDIT_V2_3090_20261009,CF_SELF_A20_P50_s17,CF_SELF_A20_P50,17,1,5000,ped1,7056,NC_GAP,0.40525171583820263,False,False,51d5decd3dea6015631f78dbc8826bdf77652419d2a09d65abf18912525f03c3,04a9fe28036e9050bd05e3100002c74d9ee9171a4ebbe4272ae22ebcf0d775ab,8f8ba495cbe3829919ee567bf56c6bce1c6d139de28688b2fcbe351eef5df665
ZXVAD_C04_MECHANISM_AUDIT_V2_3090_20261009,CF_SELF_A20_P50_s17,CF_SELF_A20_P50,17,1,5000,ped1,7056,LOCAL,0.7557779318470547,False,False,51d5decd3dea6015631f78dbc8826bdf77652419d2a09d65abf18912525f03c3,04a9fe28036e9050bd05e3100002c74d9ee9171a4ebbe4272ae22ebcf0d775ab,8f8ba495cbe3829919ee567bf56c6bce1c6d139de28688b2fcbe351eef5df665
ZXVAD_C04_MECHANISM_AUDIT_V2_3090_20261009,CF_SELF_A20_P50_s17,CF_SELF_A20_P50,17,1,5000,ped1,7056,FUSION,0.7673845037259475,False,False,51d5decd3dea6015631f78dbc8826bdf77652419d2a09d65abf18912525f03c3,04a9fe28036e9050bd05e3100002c74d9ee9171a4ebbe4272ae22ebcf0d775ab,8f8ba495cbe3829919ee567bf56c6bce1c6d139de28688b2fcbe351eef5df665
ZXVAD_C04_MECHANISM_AUDIT_V2_3090_20261009,CF_SELF_A20_P50_s17,CF_SELF_A20_P50,17,1,5000,ped1,7056,PSNR_FROZEN,0.7375867385992256,False,False,51d5decd3dea6015631f78dbc8826bdf77652419d2a09d65abf18912525f03c3,04a9fe28036e9050bd05e3100002c74d9ee9171a4ebbe4272ae22ebcf0d775ab,8f8ba495cbe3829919ee567bf56c6bce1c6d139de28688b2fcbe351eef5df665
ZXVAD_C04_MECHANISM_AUDIT_V2_3090_20261009,CF_SELF_A20_P50_s17,CF_SELF_A20_P50,17,1,5000,ped1,7056,FUSION_FROZEN,0.7381345914633752,False,False,51d5decd3dea6015631f78dbc8826bdf77652419d2a09d65abf18912525f03c3,04a9fe28036e9050bd05e3100002c74d9ee9171a4ebbe4272ae22ebcf0d775ab,8f8ba495cbe3829919ee567bf56c6bce1c6d139de28688b2fcbe351eef5df665
ZXVAD_C04_MECHANISM_AUDIT_V2_3090_20261009,CF_SELF_A20_P50_s17,CF_SELF_A20_P50,17,1,5000,ped2,1962,PSNR,0.9329470796332395,True,False,b9e8ccc5a9273d36e00b1fdc4f6e9531f3baa71f4754563264b8dbdf9062ff78,04a9fe28036e9050bd05e3100002c74d9ee9171a4ebbe4272ae22ebcf0d775ab,8f8ba495cbe3829919ee567bf56c6bce1c6d139de28688b2fcbe351eef5df665
ZXVAD_C04_MECHANISM_AUDIT_V2_3090_20261009,CF_SELF_A20_P50_s17,CF_SELF_A20_P50,17,1,5000,ped2,1962,NC,0.4162434120280124,False,False,b9e8ccc5a9273d36e00b1fdc4f6e9531f3baa71f4754563264b8dbdf9062ff78,04a9fe28036e9050bd05e3100002c74d9ee9171a4ebbe4272ae22ebcf0d775ab,8f8ba495cbe3829919ee567bf56c6bce1c6d139de28688b2fcbe351eef5df665
ZXVAD_C04_MECHANISM_AUDIT_V2_3090_20261009,CF_SELF_A20_P50_s17,CF_SELF_A20_P50,17,1,5000,ped2,1962,NC_GAP,0.46466500613674105,False,False,b9e8ccc5a9273d36e00b1fdc4f6e9531f3baa71f4754563264b8dbdf9062ff78,04a9fe28036e9050bd05e3100002c74d9ee9171a4ebbe4272ae22ebcf0d775ab,8f8ba495cbe3829919ee567bf56c6bce1c6d139de28688b2fcbe351eef5df665
ZXVAD_C04_MECHANISM_AUDIT_V2_3090_20261009,CF_SELF_A20_P50_s17,CF_SELF_A20_P50,17,1,5000,ped2,1962,LOCAL,0.9300781532019349,False,False,b9e8ccc5a9273d36e00b1fdc4f6e9531f3baa71f4754563264b8dbdf9062ff78,04a9fe28036e9050bd05e3100002c74d9ee9171a4ebbe4272ae22ebcf0d775ab,8f8ba495cbe3829919ee567bf56c6bce1c6d139de28688b2fcbe351eef5df665
ZXVAD_C04_MECHANISM_AUDIT_V2_3090_20261009,CF_SELF_A20_P50_s17,CF_SELF_A20_P50,17,1,5000,ped2,1962,FUSION,0.9315879719875821,False,False,b9e8ccc5a9273d36e00b1fdc4f6e9531f3baa71f4754563264b8dbdf9062ff78,04a9fe28036e9050bd05e3100002c74d9ee9171a4ebbe4272ae22ebcf0d775ab,8f8ba495cbe3829919ee567bf56c6bce1c6d139de28688b2fcbe351eef5df665
ZXVAD_C04_MECHANISM_AUDIT_V2_3090_20261009,CF_SELF_A20_P50_s17,CF_SELF_A20_P50,17,1,5000,ped2,1962,PSNR_FROZEN,0.8467033066204607,False,False,b9e8ccc5a9273d36e00b1fdc4f6e9531f3baa71f4754563264b8dbdf9062ff78,04a9fe28036e9050bd05e3100002c74d9ee9171a4ebbe4272ae22ebcf0d775ab,8f8ba495cbe3829919ee567bf56c6bce1c6d139de28688b2fcbe351eef5df665
ZXVAD_C04_MECHANISM_AUDIT_V2_3090_20261009,CF_SELF_A20_P50_s17,CF_SELF_A20_P50,17,1,5000,ped2,1962,FUSION_FROZEN,0.8385369287416071,False,False,b9e8ccc5a9273d36e00b1fdc4f6e9531f3baa71f4754563264b8dbdf9062ff78,04a9fe28036e9050bd05e3100002c74d9ee9171a4ebbe4272ae22ebcf0d775ab,8f8ba495cbe3829919ee567bf56c6bce1c6d139de28688b2fcbe351eef5df665
ZXVAD_C04_MECHANISM_AUDIT_V2_3090_20261009,CF_SELF_A20_P50_s17,CF_SELF_A20_P50,17,1,5000,avenue,15240,PSNR,0.8235062532202914,True,False,bc39d15ec1986d5d892b2566b6efa38b490d80ef873c8370368c10a13b8cc7bf,04a9fe28036e9050bd05e3100002c74d9ee9171a4ebbe4272ae22ebcf0d775ab,8f8ba495cbe3829919ee567bf56c6bce1c6d139de28688b2fcbe351eef5df665
ZXVAD_C04_MECHANISM_AUDIT_V2_3090_20261009,CF_SELF_A20_P50_s17,CF_SELF_A20_P50,17,1,5000,avenue,15240,NC,0.5887212164504192,False,False,bc39d15ec1986d5d892b2566b6efa38b490d80ef873c8370368c10a13b8cc7bf,04a9fe28036e9050bd05e3100002c74d9ee9171a4ebbe4272ae22ebcf0d775ab,8f8ba495cbe3829919ee567bf56c6bce1c6d139de28688b2fcbe351eef5df665
ZXVAD_C04_MECHANISM_AUDIT_V2_3090_20261009,CF_SELF_A20_P50_s17,CF_SELF_A20_P50,17,1,5000,avenue,15240,NC_GAP,0.49840744297156775,False,False,bc39d15ec1986d5d892b2566b6efa38b490d80ef873c8370368c10a13b8cc7bf,04a9fe28036e9050bd05e3100002c74d9ee9171a4ebbe4272ae22ebcf0d775ab,8f8ba495cbe3829919ee567bf56c6bce1c6d139de28688b2fcbe351eef5df665
ZXVAD_C04_MECHANISM_AUDIT_V2_3090_20261009,CF_SELF_A20_P50_s17,CF_SELF_A20_P50,17,1,5000,avenue,15240,LOCAL,0.8142144831139632,False,False,bc39d15ec1986d5d892b2566b6efa38b490d80ef873c8370368c10a13b8cc7bf,04a9fe28036e9050bd05e3100002c74d9ee9171a4ebbe4272ae22ebcf0d775ab,8f8ba495cbe3829919ee567bf56c6bce1c6d139de28688b2fcbe351eef5df665
ZXVAD_C04_MECHANISM_AUDIT_V2_3090_20261009,CF_SELF_A20_P50_s17,CF_SELF_A20_P50,17,1,5000,avenue,15240,FUSION,0.828666893062907,False,False,bc39d15ec1986d5d892b2566b6efa38b490d80ef873c8370368c10a13b8cc7bf,04a9fe28036e9050bd05e3100002c74d9ee9171a4ebbe4272ae22ebcf0d775ab,8f8ba495cbe3829919ee567bf56c6bce1c6d139de28688b2fcbe351eef5df665
ZXVAD_C04_MECHANISM_AUDIT_V2_3090_20261009,CF_SELF_A20_P50_s17,CF_SELF_A20_P50,17,1,5000,avenue,15240,PSNR_FROZEN,0.8649402548128718,False,False,bc39d15ec1986d5d892b2566b6efa38b490d80ef873c8370368c10a13b8cc7bf,04a9fe28036e9050bd05e3100002c74d9ee9171a4ebbe4272ae22ebcf0d775ab,8f8ba495cbe3829919ee567bf56c6bce1c6d139de28688b2fcbe351eef5df665
ZXVAD_C04_MECHANISM_AUDIT_V2_3090_20261009,CF_SELF_A20_P50_s17,CF_SELF_A20_P50,17,1,5000,avenue,15240,FUSION_FROZEN,0.8766410838915172,False,False,bc39d15ec1986d5d892b2566b6efa38b490d80ef873c8370368c10a13b8cc7bf,04a9fe28036e9050bd05e3100002c74d9ee9171a4ebbe4272ae22ebcf0d775ab,8f8ba495cbe3829919ee567bf56c6bce1c6d139de28688b2fcbe351eef5df665
ZXVAD_C04_MECHANISM_AUDIT_V2_3090_20261009,CF_STATIC_A20_P50_s17,CF_STATIC_A20_P50,17,1,5000,ped1,7056,PSNR,0.7199170217807194,True,False,4bde2d87cf437a2c48c552097b262823d1c7f2072921157a1303a5d132653514,04a9fe28036e9050bd05e3100002c74d9ee9171a4ebbe4272ae22ebcf0d775ab,85ab3951a56fbbe1bb0003d66f93671511a8629cd23f7217ddb17a42c6ef8d2c
ZXVAD_C04_MECHANISM_AUDIT_V2_3090_20261009,CF_STATIC_A20_P50_s17,CF_STATIC_A20_P50,17,1,5000,ped1,7056,NC,0.45990896408658244,False,False,4bde2d87cf437a2c48c552097b262823d1c7f2072921157a1303a5d132653514,04a9fe28036e9050bd05e3100002c74d9ee9171a4ebbe4272ae22ebcf0d775ab,85ab3951a56fbbe1bb0003d66f93671511a8629cd23f7217ddb17a42c6ef8d2c
ZXVAD_C04_MECHANISM_AUDIT_V2_3090_20261009,CF_STATIC_A20_P50_s17,CF_STATIC_A20_P50,17,1,5000,ped1,7056,NC_GAP,0.5249664610340724,False,False,4bde2d87cf437a2c48c552097b262823d1c7f2072921157a1303a5d132653514,04a9fe28036e9050bd05e3100002c74d9ee9171a4ebbe4272ae22ebcf0d775ab,85ab3951a56fbbe1bb0003d66f93671511a8629cd23f7217ddb17a42c6ef8d2c
ZXVAD_C04_MECHANISM_AUDIT_V2_3090_20261009,CF_STATIC_A20_P50_s17,CF_STATIC_A20_P50,17,1,5000,ped1,7056,LOCAL,0.6934413379501773,False,False,4bde2d87cf437a2c48c552097b262823d1c7f2072921157a1303a5d132653514,04a9fe28036e9050bd05e3100002c74d9ee9171a4ebbe4272ae22ebcf0d775ab,85ab3951a56fbbe1bb0003d66f93671511a8629cd23f7217ddb17a42c6ef8d2c
ZXVAD_C04_MECHANISM_AUDIT_V2_3090_20261009,CF_STATIC_A20_P50_s17,CF_STATIC_A20_P50,17,1,5000,ped1,7056,FUSION,0.7206571568100724,False,False,4bde2d87cf437a2c48c552097b262823d1c7f2072921157a1303a5d132653514,04a9fe28036e9050bd05e3100002c74d9ee9171a4ebbe4272ae22ebcf0d775ab,85ab3951a56fbbe1bb0003d66f93671511a8629cd23f7217ddb17a42c6ef8d2c
ZXVAD_C04_MECHANISM_AUDIT_V2_3090_20261009,CF_STATIC_A20_P50_s17,CF_STATIC_A20_P50,17,1,5000,ped1,7056,PSNR_FROZEN,0.7102292230778183,False,False,4bde2d87cf437a2c48c552097b262823d1c7f2072921157a1303a5d132653514,04a9fe28036e9050bd05e3100002c74d9ee9171a4ebbe4272ae22ebcf0d775ab,85ab3951a56fbbe1bb0003d66f93671511a8629cd23f7217ddb17a42c6ef8d2c
ZXVAD_C04_MECHANISM_AUDIT_V2_3090_20261009,CF_STATIC_A20_P50_s17,CF_STATIC_A20_P50,17,1,5000,ped1,7056,FUSION_FROZEN,0.708205475780585,False,False,4bde2d87cf437a2c48c552097b262823d1c7f2072921157a1303a5d132653514,04a9fe28036e9050bd05e3100002c74d9ee9171a4ebbe4272ae22ebcf0d775ab,85ab3951a56fbbe1bb0003d66f93671511a8629cd23f7217ddb17a42c6ef8d2c
ZXVAD_C04_MECHANISM_AUDIT_V2_3090_20261009,CF_STATIC_A20_P50_s17,CF_STATIC_A20_P50,17,1,5000,ped2,1962,PSNR,0.6350290592736987,True,False,69c27b8b8f757351ba6876ec3efddb891f8ae3a761dcccfe6ecd0d93fa04db72,04a9fe28036e9050bd05e3100002c74d9ee9171a4ebbe4272ae22ebcf0d775ab,85ab3951a56fbbe1bb0003d66f93671511a8629cd23f7217ddb17a42c6ef8d2c
ZXVAD_C04_MECHANISM_AUDIT_V2_3090_20261009,CF_STATIC_A20_P50_s17,CF_STATIC_A20_P50,17,1,5000,ped2,1962,NC,0.4496002093711645,False,False,69c27b8b8f757351ba6876ec3efddb891f8ae3a761dcccfe6ecd0d93fa04db72,04a9fe28036e9050bd05e3100002c74d9ee9171a4ebbe4272ae22ebcf0d775ab,85ab3951a56fbbe1bb0003d66f93671511a8629cd23f7217ddb17a42c6ef8d2c
ZXVAD_C04_MECHANISM_AUDIT_V2_3090_20261009,CF_STATIC_A20_P50_s17,CF_STATIC_A20_P50,17,1,5000,ped2,1962,NC_GAP,0.4872572377445672,False,False,69c27b8b8f757351ba6876ec3efddb891f8ae3a761dcccfe6ecd0d93fa04db72,04a9fe28036e9050bd05e3100002c74d9ee9171a4ebbe4272ae22ebcf0d775ab,85ab3951a56fbbe1bb0003d66f93671511a8629cd23f7217ddb17a42c6ef8d2c
ZXVAD_C04_MECHANISM_AUDIT_V2_3090_20261009,CF_STATIC_A20_P50_s17,CF_STATIC_A20_P50,17,1,5000,ped2,1962,LOCAL,0.6199678723557865,False,False,69c27b8b8f757351ba6876ec3efddb891f8ae3a761dcccfe6ecd0d93fa04db72,04a9fe28036e9050bd05e3100002c74d9ee9171a4ebbe4272ae22ebcf0d775ab,85ab3951a56fbbe1bb0003d66f93671511a8629cd23f7217ddb17a42c6ef8d2c
ZXVAD_C04_MECHANISM_AUDIT_V2_3090_20261009,CF_STATIC_A20_P50_s17,CF_STATIC_A20_P50,17,1,5000,ped2,1962,FUSION,0.6292415710057035,False,False,69c27b8b8f757351ba6876ec3efddb891f8ae3a761dcccfe6ecd0d93fa04db72,04a9fe28036e9050bd05e3100002c74d9ee9171a4ebbe4272ae22ebcf0d775ab,85ab3951a56fbbe1bb0003d66f93671511a8629cd23f7217ddb17a42c6ef8d2c
ZXVAD_C04_MECHANISM_AUDIT_V2_3090_20261009,CF_STATIC_A20_P50_s17,CF_STATIC_A20_P50,17,1,5000,ped2,1962,PSNR_FROZEN,0.5885477582846004,False,False,69c27b8b8f757351ba6876ec3efddb891f8ae3a761dcccfe6ecd0d93fa04db72,04a9fe28036e9050bd05e3100002c74d9ee9171a4ebbe4272ae22ebcf0d775ab,85ab3951a56fbbe1bb0003d66f93671511a8629cd23f7217ddb17a42c6ef8d2c
ZXVAD_C04_MECHANISM_AUDIT_V2_3090_20261009,CF_STATIC_A20_P50_s17,CF_STATIC_A20_P50,17,1,5000,ped2,1962,FUSION_FROZEN,0.5723503718143095,False,False,69c27b8b8f757351ba6876ec3efddb891f8ae3a761dcccfe6ecd0d93fa04db72,04a9fe28036e9050bd05e3100002c74d9ee9171a4ebbe4272ae22ebcf0d775ab,85ab3951a56fbbe1bb0003d66f93671511a8629cd23f7217ddb17a42c6ef8d2c
ZXVAD_C04_MECHANISM_AUDIT_V2_3090_20261009,CF_STATIC_A20_P50_s17,CF_STATIC_A20_P50,17,1,5000,avenue,15240,PSNR,0.466635392758443,True,False,43f1d740d03295666b8c7e94819e7f14c8749e63142969c6e0398ae8c01d0750,04a9fe28036e9050bd05e3100002c74d9ee9171a4ebbe4272ae22ebcf0d775ab,85ab3951a56fbbe1bb0003d66f93671511a8629cd23f7217ddb17a42c6ef8d2c
ZXVAD_C04_MECHANISM_AUDIT_V2_3090_20261009,CF_STATIC_A20_P50_s17,CF_STATIC_A20_P50,17,1,5000,avenue,15240,NC,0.5727746498665043,False,False,43f1d740d03295666b8c7e94819e7f14c8749e63142969c6e0398ae8c01d0750,04a9fe28036e9050bd05e3100002c74d9ee9171a4ebbe4272ae22ebcf0d775ab,85ab3951a56fbbe1bb0003d66f93671511a8629cd23f7217ddb17a42c6ef8d2c
ZXVAD_C04_MECHANISM_AUDIT_V2_3090_20261009,CF_STATIC_A20_P50_s17,CF_STATIC_A20_P50,17,1,5000,avenue,15240,NC_GAP,0.5756765539369525,False,False,43f1d740d03295666b8c7e94819e7f14c8749e63142969c6e0398ae8c01d0750,04a9fe28036e9050bd05e3100002c74d9ee9171a4ebbe4272ae22ebcf0d775ab,85ab3951a56fbbe1bb0003d66f93671511a8629cd23f7217ddb17a42c6ef8d2c
ZXVAD_C04_MECHANISM_AUDIT_V2_3090_20261009,CF_STATIC_A20_P50_s17,CF_STATIC_A20_P50,17,1,5000,avenue,15240,LOCAL,0.4287023631083423,False,False,43f1d740d03295666b8c7e94819e7f14c8749e63142969c6e0398ae8c01d0750,04a9fe28036e9050bd05e3100002c74d9ee9171a4ebbe4272ae22ebcf0d775ab,85ab3951a56fbbe1bb0003d66f93671511a8629cd23f7217ddb17a42c6ef8d2c
ZXVAD_C04_MECHANISM_AUDIT_V2_3090_20261009,CF_STATIC_A20_P50_s17,CF_STATIC_A20_P50,17,1,5000,avenue,15240,FUSION,0.4989527612534545,False,False,43f1d740d03295666b8c7e94819e7f14c8749e63142969c6e0398ae8c01d0750,04a9fe28036e9050bd05e3100002c74d9ee9171a4ebbe4272ae22ebcf0d775ab,85ab3951a56fbbe1bb0003d66f93671511a8629cd23f7217ddb17a42c6ef8d2c
ZXVAD_C04_MECHANISM_AUDIT_V2_3090_20261009,CF_STATIC_A20_P50_s17,CF_STATIC_A20_P50,17,1,5000,avenue,15240,PSNR_FROZEN,0.5736610731181788,False,False,43f1d740d03295666b8c7e94819e7f14c8749e63142969c6e0398ae8c01d0750,04a9fe28036e9050bd05e3100002c74d9ee9171a4ebbe4272ae22ebcf0d775ab,85ab3951a56fbbe1bb0003d66f93671511a8629cd23f7217ddb17a42c6ef8d2c
ZXVAD_C04_MECHANISM_AUDIT_V2_3090_20261009,CF_STATIC_A20_P50_s17,CF_STATIC_A20_P50,17,1,5000,avenue,15240,FUSION_FROZEN,0.6039699283338799,False,False,43f1d740d03295666b8c7e94819e7f14c8749e63142969c6e0398ae8c01d0750,04a9fe28036e9050bd05e3100002c74d9ee9171a4ebbe4272ae22ebcf0d775ab,85ab3951a56fbbe1bb0003d66f93671511a8629cd23f7217ddb17a42c6ef8d2c
ZXVAD_C04_MECHANISM_AUDIT_V2_3090_20261009,CF_MOVE_A20_P50_s17,CF_MOVE_A20_P50,17,1,5000,ped1,7056,PSNR,0.7406358135715222,True,True,d26ba43b0ad05e2745e6152011d854115c6400301f65b3ce4aff0a56ace18aa2,04a9fe28036e9050bd05e3100002c74d9ee9171a4ebbe4272ae22ebcf0d775ab,a7c3e5f378c158542c8cf3b5745f71a3c8832bef0f7fd58cf4a4380b8bdcee8a
ZXVAD_C04_MECHANISM_AUDIT_V2_3090_20261009,CF_MOVE_A20_P50_s17,CF_MOVE_A20_P50,17,1,5000,ped1,7056,NC,0.46862619177524695,False,True,d26ba43b0ad05e2745e6152011d854115c6400301f65b3ce4aff0a56ace18aa2,04a9fe28036e9050bd05e3100002c74d9ee9171a4ebbe4272ae22ebcf0d775ab,a7c3e5f378c158542c8cf3b5745f71a3c8832bef0f7fd58cf4a4380b8bdcee8a
ZXVAD_C04_MECHANISM_AUDIT_V2_3090_20261009,CF_MOVE_A20_P50_s17,CF_MOVE_A20_P50,17,1,5000,ped1,7056,NC_GAP,0.4665646995953078,False,True,d26ba43b0ad05e2745e6152011d854115c6400301f65b3ce4aff0a56ace18aa2,04a9fe28036e9050bd05e3100002c74d9ee9171a4ebbe4272ae22ebcf0d775ab,a7c3e5f378c158542c8cf3b5745f71a3c8832bef0f7fd58cf4a4380b8bdcee8a
ZXVAD_C04_MECHANISM_AUDIT_V2_3090_20261009,CF_MOVE_A20_P50_s17,CF_MOVE_A20_P50,17,1,5000,ped1,7056,LOCAL,0.7284952108982031,False,True,d26ba43b0ad05e2745e6152011d854115c6400301f65b3ce4aff0a56ace18aa2,04a9fe28036e9050bd05e3100002c74d9ee9171a4ebbe4272ae22ebcf0d775ab,a7c3e5f378c158542c8cf3b5745f71a3c8832bef0f7fd58cf4a4380b8bdcee8a
ZXVAD_C04_MECHANISM_AUDIT_V2_3090_20261009,CF_MOVE_A20_P50_s17,CF_MOVE_A20_P50,17,1,5000,ped1,7056,FUSION,0.7402018087609512,False,True,d26ba43b0ad05e2745e6152011d854115c6400301f65b3ce4aff0a56ace18aa2,04a9fe28036e9050bd05e3100002c74d9ee9171a4ebbe4272ae22ebcf0d775ab,a7c3e5f378c158542c8cf3b5745f71a3c8832bef0f7fd58cf4a4380b8bdcee8a
ZXVAD_C04_MECHANISM_AUDIT_V2_3090_20261009,CF_MOVE_A20_P50_s17,CF_MOVE_A20_P50,17,1,5000,ped1,7056,PSNR_FROZEN,0.7292684698224551,False,True,d26ba43b0ad05e2745e6152011d854115c6400301f65b3ce4aff0a56ace18aa2,04a9fe28036e9050bd05e3100002c74d9ee9171a4ebbe4272ae22ebcf0d775ab,a7c3e5f378c158542c8cf3b5745f71a3c8832bef0f7fd58cf4a4380b8bdcee8a
ZXVAD_C04_MECHANISM_AUDIT_V2_3090_20261009,CF_MOVE_A20_P50_s17,CF_MOVE_A20_P50,17,1,5000,ped1,7056,FUSION_FROZEN,0.7313120505629304,False,True,d26ba43b0ad05e2745e6152011d854115c6400301f65b3ce4aff0a56ace18aa2,04a9fe28036e9050bd05e3100002c74d9ee9171a4ebbe4272ae22ebcf0d775ab,a7c3e5f378c158542c8cf3b5745f71a3c8832bef0f7fd58cf4a4380b8bdcee8a
ZXVAD_C04_MECHANISM_AUDIT_V2_3090_20261009,CF_MOVE_A20_P50_s17,CF_MOVE_A20_P50,17,1,5000,ped2,1962,PSNR,0.8532651072124756,True,True,152f43424324e534134657d0b3e17ac65a707bab991be2343e52ba7c46310e0d,04a9fe28036e9050bd05e3100002c74d9ee9171a4ebbe4272ae22ebcf0d775ab,a7c3e5f378c158542c8cf3b5745f71a3c8832bef0f7fd58cf4a4380b8bdcee8a
ZXVAD_C04_MECHANISM_AUDIT_V2_3090_20261009,CF_MOVE_A20_P50_s17,CF_MOVE_A20_P50,17,1,5000,ped2,1962,NC,0.5102736264529637,False,True,152f43424324e534134657d0b3e17ac65a707bab991be2343e52ba7c46310e0d,04a9fe28036e9050bd05e3100002c74d9ee9171a4ebbe4272ae22ebcf0d775ab,a7c3e5f378c158542c8cf3b5745f71a3c8832bef0f7fd58cf4a4380b8bdcee8a
ZXVAD_C04_MECHANISM_AUDIT_V2_3090_20261009,CF_MOVE_A20_P50_s17,CF_MOVE_A20_P50,17,1,5000,ped2,1962,NC_GAP,0.510292578153202,False,True,152f43424324e534134657d0b3e17ac65a707bab991be2343e52ba7c46310e0d,04a9fe28036e9050bd05e3100002c74d9ee9171a4ebbe4272ae22ebcf0d775ab,a7c3e5f378c158542c8cf3b5745f71a3c8832bef0f7fd58cf4a4380b8bdcee8a
ZXVAD_C04_MECHANISM_AUDIT_V2_3090_20261009,CF_MOVE_A20_P50_s17,CF_MOVE_A20_P50,17,1,5000,ped2,1962,LOCAL,0.8423913435853007,False,True,152f43424324e534134657d0b3e17ac65a707bab991be2343e52ba7c46310e0d,04a9fe28036e9050bd05e3100002c74d9ee9171a4ebbe4272ae22ebcf0d775ab,a7c3e5f378c158542c8cf3b5745f71a3c8832bef0f7fd58cf4a4380b8bdcee8a
ZXVAD_C04_MECHANISM_AUDIT_V2_3090_20261009,CF_MOVE_A20_P50_s17,CF_MOVE_A20_P50,17,1,5000,ped2,1962,FUSION,0.869280196375713,False,True,152f43424324e534134657d0b3e17ac65a707bab991be2343e52ba7c46310e0d,04a9fe28036e9050bd05e3100002c74d9ee9171a4ebbe4272ae22ebcf0d775ab,a7c3e5f378c158542c8cf3b5745f71a3c8832bef0f7fd58cf4a4380b8bdcee8a
ZXVAD_C04_MECHANISM_AUDIT_V2_3090_20261009,CF_MOVE_A20_P50_s17,CF_MOVE_A20_P50,17,1,5000,ped2,1962,PSNR_FROZEN,0.8734847664428561,False,True,152f43424324e534134657d0b3e17ac65a707bab991be2343e52ba7c46310e0d,04a9fe28036e9050bd05e3100002c74d9ee9171a4ebbe4272ae22ebcf0d775ab,a7c3e5f378c158542c8cf3b5745f71a3c8832bef0f7fd58cf4a4380b8bdcee8a
ZXVAD_C04_MECHANISM_AUDIT_V2_3090_20261009,CF_MOVE_A20_P50_s17,CF_MOVE_A20_P50,17,1,5000,ped2,1962,FUSION_FROZEN,0.8624648039852718,False,True,152f43424324e534134657d0b3e17ac65a707bab991be2343e52ba7c46310e0d,04a9fe28036e9050bd05e3100002c74d9ee9171a4ebbe4272ae22ebcf0d775ab,a7c3e5f378c158542c8cf3b5745f71a3c8832bef0f7fd58cf4a4380b8bdcee8a
ZXVAD_C04_MECHANISM_AUDIT_V2_3090_20261009,CF_MOVE_A20_P50_s17,CF_MOVE_A20_P50,17,1,5000,avenue,15240,PSNR,0.8235487844863928,True,True,dd0394057ac0541fd2aa0d3b404113fc44aeaf0fc61361b2f531b7cf3c1fa77f,04a9fe28036e9050bd05e3100002c74d9ee9171a4ebbe4272ae22ebcf0d775ab,a7c3e5f378c158542c8cf3b5745f71a3c8832bef0f7fd58cf4a4380b8bdcee8a
ZXVAD_C04_MECHANISM_AUDIT_V2_3090_20261009,CF_MOVE_A20_P50_s17,CF_MOVE_A20_P50,17,1,5000,avenue,15240,NC,0.5772066841538246,False,True,dd0394057ac0541fd2aa0d3b404113fc44aeaf0fc61361b2f531b7cf3c1fa77f,04a9fe28036e9050bd05e3100002c74d9ee9171a4ebbe4272ae22ebcf0d775ab,a7c3e5f378c158542c8cf3b5745f71a3c8832bef0f7fd58cf4a4380b8bdcee8a
ZXVAD_C04_MECHANISM_AUDIT_V2_3090_20261009,CF_MOVE_A20_P50_s17,CF_MOVE_A20_P50,17,1,5000,avenue,15240,NC_GAP,0.5148675699095976,False,True,dd0394057ac0541fd2aa0d3b404113fc44aeaf0fc61361b2f531b7cf3c1fa77f,04a9fe28036e9050bd05e3100002c74d9ee9171a4ebbe4272ae22ebcf0d775ab,a7c3e5f378c158542c8cf3b5745f71a3c8832bef0f7fd58cf4a4380b8bdcee8a
ZXVAD_C04_MECHANISM_AUDIT_V2_3090_20261009,CF_MOVE_A20_P50_s17,CF_MOVE_A20_P50,17,1,5000,avenue,15240,LOCAL,0.8199909129233219,False,True,dd0394057ac0541fd2aa0d3b404113fc44aeaf0fc61361b2f531b7cf3c1fa77f,04a9fe28036e9050bd05e3100002c74d9ee9171a4ebbe4272ae22ebcf0d775ab,a7c3e5f378c158542c8cf3b5745f71a3c8832bef0f7fd58cf4a4380b8bdcee8a
ZXVAD_C04_MECHANISM_AUDIT_V2_3090_20261009,CF_MOVE_A20_P50_s17,CF_MOVE_A20_P50,17,1,5000,avenue,15240,FUSION,0.8267631504988524,False,True,dd0394057ac0541fd2aa0d3b404113fc44aeaf0fc61361b2f531b7cf3c1fa77f,04a9fe28036e9050bd05e3100002c74d9ee9171a4ebbe4272ae22ebcf0d775ab,a7c3e5f378c158542c8cf3b5745f71a3c8832bef0f7fd58cf4a4380b8bdcee8a
ZXVAD_C04_MECHANISM_AUDIT_V2_3090_20261009,CF_MOVE_A20_P50_s17,CF_MOVE_A20_P50,17,1,5000,avenue,15240,PSNR_FROZEN,0.8448690336783924,False,True,dd0394057ac0541fd2aa0d3b404113fc44aeaf0fc61361b2f531b7cf3c1fa77f,04a9fe28036e9050bd05e3100002c74d9ee9171a4ebbe4272ae22ebcf0d775ab,a7c3e5f378c158542c8cf3b5745f71a3c8832bef0f7fd58cf4a4380b8bdcee8a
ZXVAD_C04_MECHANISM_AUDIT_V2_3090_20261009,CF_MOVE_A20_P50_s17,CF_MOVE_A20_P50,17,1,5000,avenue,15240,FUSION_FROZEN,0.8517479273033866,False,True,dd0394057ac0541fd2aa0d3b404113fc44aeaf0fc61361b2f531b7cf3c1fa77f,04a9fe28036e9050bd05e3100002c74d9ee9171a4ebbe4272ae22ebcf0d775ab,a7c3e5f378c158542c8cf3b5745f71a3c8832bef0f7fd58cf4a4380b8bdcee8a
ZXVAD_C04_MECHANISM_AUDIT_V2_3090_20261009,CF_SHUFFLE_A20_P50_s17,CF_SHUFFLE_A20_P50,17,1,5000,ped1,7056,PSNR,0.7582403867300607,True,False,9c7757b3e1f97e566ec5991644e7da46a7dbe41d095cfd5071687ab937381ed1,04a9fe28036e9050bd05e3100002c74d9ee9171a4ebbe4272ae22ebcf0d775ab,fa06df60f577f7c6b6def3b6748d9eb942106cad7007ec2a4f651c840f4771fd
ZXVAD_C04_MECHANISM_AUDIT_V2_3090_20261009,CF_SHUFFLE_A20_P50_s17,CF_SHUFFLE_A20_P50,17,1,5000,ped1,7056,NC,0.4798829180728305,False,False,9c7757b3e1f97e566ec5991644e7da46a7dbe41d095cfd5071687ab937381ed1,04a9fe28036e9050bd05e3100002c74d9ee9171a4ebbe4272ae22ebcf0d775ab,fa06df60f577f7c6b6def3b6748d9eb942106cad7007ec2a4f651c840f4771fd
ZXVAD_C04_MECHANISM_AUDIT_V2_3090_20261009,CF_SHUFFLE_A20_P50_s17,CF_SHUFFLE_A20_P50,17,1,5000,ped1,7056,NC_GAP,0.47721439984859515,False,False,9c7757b3e1f97e566ec5991644e7da46a7dbe41d095cfd5071687ab937381ed1,04a9fe28036e9050bd05e3100002c74d9ee9171a4ebbe4272ae22ebcf0d775ab,fa06df60f577f7c6b6def3b6748d9eb942106cad7007ec2a4f651c840f4771fd
ZXVAD_C04_MECHANISM_AUDIT_V2_3090_20261009,CF_SHUFFLE_A20_P50_s17,CF_SHUFFLE_A20_P50,17,1,5000,ped1,7056,LOCAL,0.7382821359236165,False,False,9c7757b3e1f97e566ec5991644e7da46a7dbe41d095cfd5071687ab937381ed1,04a9fe28036e9050bd05e3100002c74d9ee9171a4ebbe4272ae22ebcf0d775ab,fa06df60f577f7c6b6def3b6748d9eb942106cad7007ec2a4f651c840f4771fd
ZXVAD_C04_MECHANISM_AUDIT_V2_3090_20261009,CF_SHUFFLE_A20_P50_s17,CF_SHUFFLE_A20_P50,17,1,5000,ped1,7056,FUSION,0.7665384131266152,False,False,9c7757b3e1f97e566ec5991644e7da46a7dbe41d095cfd5071687ab937381ed1,04a9fe28036e9050bd05e3100002c74d9ee9171a4ebbe4272ae22ebcf0d775ab,fa06df60f577f7c6b6def3b6748d9eb942106cad7007ec2a4f651c840f4771fd
ZXVAD_C04_MECHANISM_AUDIT_V2_3090_20261009,CF_SHUFFLE_A20_P50_s17,CF_SHUFFLE_A20_P50,17,1,5000,ped1,7056,PSNR_FROZEN,0.727730907693683,False,False,9c7757b3e1f97e566ec5991644e7da46a7dbe41d095cfd5071687ab937381ed1,04a9fe28036e9050bd05e3100002c74d9ee9171a4ebbe4272ae22ebcf0d775ab,fa06df60f577f7c6b6def3b6748d9eb942106cad7007ec2a4f651c840f4771fd
ZXVAD_C04_MECHANISM_AUDIT_V2_3090_20261009,CF_SHUFFLE_A20_P50_s17,CF_SHUFFLE_A20_P50,17,1,5000,ped1,7056,FUSION_FROZEN,0.7289092186907424,False,False,9c7757b3e1f97e566ec5991644e7da46a7dbe41d095cfd5071687ab937381ed1,04a9fe28036e9050bd05e3100002c74d9ee9171a4ebbe4272ae22ebcf0d775ab,fa06df60f577f7c6b6def3b6748d9eb942106cad7007ec2a4f651c840f4771fd
ZXVAD_C04_MECHANISM_AUDIT_V2_3090_20261009,CF_SHUFFLE_A20_P50_s17,CF_SHUFFLE_A20_P50,17,1,5000,ped2,1962,PSNR,0.9036793372319688,True,False,7c6a55b0b073999996d6e2c3fedd139514f0e48e161ead69bcee5f1920fb7f3a,04a9fe28036e9050bd05e3100002c74d9ee9171a4ebbe4272ae22ebcf0d775ab,fa06df60f577f7c6b6def3b6748d9eb942106cad7007ec2a4f651c840f4771fd
ZXVAD_C04_MECHANISM_AUDIT_V2_3090_20261009,CF_SHUFFLE_A20_P50_s17,CF_SHUFFLE_A20_P50,17,1,5000,ped2,1962,NC,0.5478756046494838,False,False,7c6a55b0b073999996d6e2c3fedd139514f0e48e161ead69bcee5f1920fb7f3a,04a9fe28036e9050bd05e3100002c74d9ee9171a4ebbe4272ae22ebcf0d775ab,fa06df60f577f7c6b6def3b6748d9eb942106cad7007ec2a4f651c840f4771fd
ZXVAD_C04_MECHANISM_AUDIT_V2_3090_20261009,CF_SHUFFLE_A20_P50_s17,CF_SHUFFLE_A20_P50,17,1,5000,ped2,1962,NC_GAP,0.5061926936683272,False,False,7c6a55b0b073999996d6e2c3fedd139514f0e48e161ead69bcee5f1920fb7f3a,04a9fe28036e9050bd05e3100002c74d9ee9171a4ebbe4272ae22ebcf0d775ab,fa06df60f577f7c6b6def3b6748d9eb942106cad7007ec2a4f651c840f4771fd
ZXVAD_C04_MECHANISM_AUDIT_V2_3090_20261009,CF_SHUFFLE_A20_P50_s17,CF_SHUFFLE_A20_P50,17,1,5000,ped2,1962,LOCAL,0.8923796115803913,False,False,7c6a55b0b073999996d6e2c3fedd139514f0e48e161ead69bcee5f1920fb7f3a,04a9fe28036e9050bd05e3100002c74d9ee9171a4ebbe4272ae22ebcf0d775ab,fa06df60f577f7c6b6def3b6748d9eb942106cad7007ec2a4f651c840f4771fd
ZXVAD_C04_MECHANISM_AUDIT_V2_3090_20261009,CF_SHUFFLE_A20_P50_s17,CF_SHUFFLE_A20_P50,17,1,5000,ped2,1962,FUSION,0.872986607465165,False,False,7c6a55b0b073999996d6e2c3fedd139514f0e48e161ead69bcee5f1920fb7f3a,04a9fe28036e9050bd05e3100002c74d9ee9171a4ebbe4272ae22ebcf0d775ab,fa06df60f577f7c6b6def3b6748d9eb942106cad7007ec2a4f651c840f4771fd
ZXVAD_C04_MECHANISM_AUDIT_V2_3090_20261009,CF_SHUFFLE_A20_P50_s17,CF_SHUFFLE_A20_P50,17,1,5000,ped2,1962,PSNR_FROZEN,0.7807216085481192,False,False,7c6a55b0b073999996d6e2c3fedd139514f0e48e161ead69bcee5f1920fb7f3a,04a9fe28036e9050bd05e3100002c74d9ee9171a4ebbe4272ae22ebcf0d775ab,fa06df60f577f7c6b6def3b6748d9eb942106cad7007ec2a4f651c840f4771fd
ZXVAD_C04_MECHANISM_AUDIT_V2_3090_20261009,CF_SHUFFLE_A20_P50_s17,CF_SHUFFLE_A20_P50,17,1,5000,ped2,1962,FUSION_FROZEN,0.7512273482059058,False,False,7c6a55b0b073999996d6e2c3fedd139514f0e48e161ead69bcee5f1920fb7f3a,04a9fe28036e9050bd05e3100002c74d9ee9171a4ebbe4272ae22ebcf0d775ab,fa06df60f577f7c6b6def3b6748d9eb942106cad7007ec2a4f651c840f4771fd
ZXVAD_C04_MECHANISM_AUDIT_V2_3090_20261009,CF_SHUFFLE_A20_P50_s17,CF_SHUFFLE_A20_P50,17,1,5000,avenue,15240,PSNR,0.8451932057707621,True,False,dc762404e56ca3162cc483bb01f9000655b72d8f607a89e93a66327875fe26da,04a9fe28036e9050bd05e3100002c74d9ee9171a4ebbe4272ae22ebcf0d775ab,fa06df60f577f7c6b6def3b6748d9eb942106cad7007ec2a4f651c840f4771fd
ZXVAD_C04_MECHANISM_AUDIT_V2_3090_20261009,CF_SHUFFLE_A20_P50_s17,CF_SHUFFLE_A20_P50,17,1,5000,avenue,15240,NC,0.5409706309429013,False,False,dc762404e56ca3162cc483bb01f9000655b72d8f607a89e93a66327875fe26da,04a9fe28036e9050bd05e3100002c74d9ee9171a4ebbe4272ae22ebcf0d775ab,fa06df60f577f7c6b6def3b6748d9eb942106cad7007ec2a4f651c840f4771fd
ZXVAD_C04_MECHANISM_AUDIT_V2_3090_20261009,CF_SHUFFLE_A20_P50_s17,CF_SHUFFLE_A20_P50,17,1,5000,avenue,15240,NC_GAP,0.4803256007307134,False,False,dc762404e56ca3162cc483bb01f9000655b72d8f607a89e93a66327875fe26da,04a9fe28036e9050bd05e3100002c74d9ee9171a4ebbe4272ae22ebcf0d775ab,fa06df60f577f7c6b6def3b6748d9eb942106cad7007ec2a4f651c840f4771fd
ZXVAD_C04_MECHANISM_AUDIT_V2_3090_20261009,CF_SHUFFLE_A20_P50_s17,CF_SHUFFLE_A20_P50,17,1,5000,avenue,15240,LOCAL,0.8465111246428404,False,False,dc762404e56ca3162cc483bb01f9000655b72d8f607a89e93a66327875fe26da,04a9fe28036e9050bd05e3100002c74d9ee9171a4ebbe4272ae22ebcf0d775ab,fa06df60f577f7c6b6def3b6748d9eb942106cad7007ec2a4f651c840f4771fd
ZXVAD_C04_MECHANISM_AUDIT_V2_3090_20261009,CF_SHUFFLE_A20_P50_s17,CF_SHUFFLE_A20_P50,17,1,5000,avenue,15240,FUSION,0.849778397114619,False,False,dc762404e56ca3162cc483bb01f9000655b72d8f607a89e93a66327875fe26da,04a9fe28036e9050bd05e3100002c74d9ee9171a4ebbe4272ae22ebcf0d775ab,fa06df60f577f7c6b6def3b6748d9eb942106cad7007ec2a4f651c840f4771fd
ZXVAD_C04_MECHANISM_AUDIT_V2_3090_20261009,CF_SHUFFLE_A20_P50_s17,CF_SHUFFLE_A20_P50,17,1,5000,avenue,15240,PSNR_FROZEN,0.8665403883085859,False,False,dc762404e56ca3162cc483bb01f9000655b72d8f607a89e93a66327875fe26da,04a9fe28036e9050bd05e3100002c74d9ee9171a4ebbe4272ae22ebcf0d775ab,fa06df60f577f7c6b6def3b6748d9eb942106cad7007ec2a4f651c840f4771fd
ZXVAD_C04_MECHANISM_AUDIT_V2_3090_20261009,CF_SHUFFLE_A20_P50_s17,CF_SHUFFLE_A20_P50,17,1,5000,avenue,15240,FUSION_FROZEN,0.8363721719986885,False,False,dc762404e56ca3162cc483bb01f9000655b72d8f607a89e93a66327875fe26da,04a9fe28036e9050bd05e3100002c74d9ee9171a4ebbe4272ae22ebcf0d775ab,fa06df60f577f7c6b6def3b6748d9eb942106cad7007ec2a4f651c840f4771fd
